Month,County,risk_proba,risk_label,risk_pred_0_1,actual_in_Phase3+
2015-03-01,West Pokot,0.08647827857037918,Low,0,0
2015-03-01,Elgeyo-Marakwet,0.03958005420272019,Low,0,0
2015-04-01,Turkana,0.9374741730858606,High,1,1
2015-04-01,Wajir,0.9363728197482619,High,1,1
2015-04-01,Garissa,0.9211784124943911,High,1,1
2015-04-01,Isiolo,0.9003791944780889,High,1,1
2015-04-01,Marsabit,0.8796275249094799,High,1,1
2015-04-01,Mandera,0.8542358513375399,High,1,0
2015-04-01,Samburu,0.3935936220932959,Low,0,0
2015-04-01,Baringo,0.10536266483853358,Low,0,0
2015-04-01,Tana River,0.09302915914818694,Low,0,0
2015-04-01,Lamu,0.08813683623016377,Low,0,0
2015-05-01,Marsabit,0.9275167429894573,High,1,1
2015-05-01,Garissa,0.9263769513998167,High,1,1
2015-05-01,Isiolo,0.9120526897210682,High,1,1
2015-05-01,Wajir,0.9049347821561083,High,1,1
2015-05-01,Turkana,0.8882576914744127,High,1,1
2015-05-01,Mandera,0.7600540498679513,High,1,0
2015-05-01,Samburu,0.44482691235611427,Medium,0,0
2015-05-01,Baringo,0.3116829002263908,Low,0,0
2015-05-01,Tana River,0.1415697474043374,Low,0,0
2015-05-01,Lamu,0.10613395086548202,Low,0,0
2015-06-01,Isiolo,0.9529316650336451,High,1,1
2015-06-01,Marsabit,0.9060155970282967,High,1,1
2015-06-01,Wajir,0.8678590685029337,High,1,1
2015-06-01,Garissa,0.8496319595515854,High,1,1
2015-06-01,Turkana,0.829043544732332,High,1,1
2015-06-01,Mandera,0.5654636614672177,Medium,1,0
2015-06-01,Baringo,0.37102039813774235,Low,0,0
2015-06-01,Samburu,0.35645685422131707,Low,0,0
2015-06-01,Makueni,0.1587039533913013,Low,0,0
2015-06-01,Tana River,0.14173893883721064,Low,0,0
2015-07-01,Isiolo,0.8783178322581376,High,1,1
2015-07-01,Wajir,0.8508760491919756,High,1,1
2015-07-01,Turkana,0.7056549654981097,High,1,0
2015-07-01,Marsabit,0.6053738785280011,Medium,1,0
2015-07-01,Mandera,0.5030808985289933,Medium,1,0
2015-07-01,Garissa,0.44640086954220626,Medium,0,0
2015-07-01,Samburu,0.3165873978836648,Low,0,0
2015-07-01,Baringo,0.22539368214362404,Low,0,0
2015-07-01,Lamu,0.20513539578140386,Low,0,0
2015-07-01,Tana River,0.16232504330352085,Low,0,0
2015-08-01,Wajir,0.8479019762333481,High,1,1
2015-08-01,Isiolo,0.7915703145432248,High,1,1
2015-08-01,Marsabit,0.5929299937703457,Medium,1,0
2015-08-01,Turkana,0.5319787241670482,Medium,1,0
2015-08-01,Mandera,0.5224473136431511,Medium,1,0
2015-08-01,Garissa,0.4900331405247377,Medium,0,0
2015-08-01,Samburu,0.3417879658898506,Low,0,0
2015-08-01,Tana River,0.2682484552887498,Low,0,0
2015-08-01,Lamu,0.23977552523103576,Low,0,0
2015-08-01,Baringo,0.18107881028204717,Low,0,0
2015-09-01,Wajir,0.8971851068803653,High,1,1
2015-09-01,Isiolo,0.828261812639926,High,1,1
2015-09-01,Mandera,0.7293046600715115,High,1,0
2015-09-01,Marsabit,0.5868742530492184,Medium,1,0
2015-09-01,Turkana,0.5228375857234596,Medium,1,0
2015-09-01,Garissa,0.5039274940721021,Medium,1,0
2015-09-01,Samburu,0.4743846349513692,Medium,0,0
2015-09-01,Tana River,0.3044952390002703,Low,0,0
2015-09-01,Kajiado,0.1881405547341154,Low,0,0
2015-09-01,Makueni,0.11876998290741005,Low,0,0
2015-10-01,Wajir,0.95908387056869,High,1,1
2015-10-01,Isiolo,0.8961327529548888,High,1,1
2015-10-01,Mandera,0.8018718009943203,High,1,0
2015-10-01,Turkana,0.7413746029506676,High,1,0
2015-10-01,Marsabit,0.7142172535378001,High,1,0
2015-10-01,Garissa,0.6923388801391483,Medium,1,0
2015-10-01,Samburu,0.5577849963627636,Medium,1,0
2015-10-01,Baringo,0.14200580922152692,Low,0,0
2015-10-01,Tana River,0.13253722440077703,Low,0,0
2015-10-01,Lamu,0.1238006592330245,Low,0,0
2015-11-01,Wajir,0.9144858765332958,High,1,1
2015-11-01,Turkana,0.8810575225968015,High,1,0
2015-11-01,Isiolo,0.865260119328801,High,1,1
2015-11-01,Marsabit,0.7493694392264051,High,1,0
2015-11-01,Mandera,0.65690344985128,Medium,1,0
2015-11-01,Garissa,0.6092032619484187,Medium,1,0
2015-11-01,Samburu,0.500177941013894,Medium,1,0
2015-11-01,Lamu,0.22047114944161017,Low,0,0
2015-11-01,Kajiado,0.1559297104343871,Low,0,0
2015-11-01,Tana River,0.1357283719080011,Low,0,0
2015-12-01,Isiolo,0.9030041862400283,High,1,1
2015-12-01,Wajir,0.892854248550639,High,1,1
2015-12-01,Marsabit,0.7761601846148223,High,1,0
2015-12-01,Turkana,0.7195306662689458,High,1,0
2015-12-01,Garissa,0.6111161785228965,Medium,1,0
2015-12-01,Mandera,0.5857836674521425,Medium,1,0
2015-12-01,Samburu,0.425542509992505,Medium,0,0
2015-12-01,Tana River,0.35415776135412835,Low,0,0
2015-12-01,Lamu,0.17726984402834742,Low,0,0
2015-12-01,Kajiado,0.17679068549334176,Low,0,0
2016-01-01,Wajir,0.8679368265295254,High,1,1
2016-01-01,Isiolo,0.8152054532976528,High,1,1
2016-01-01,Marsabit,0.7634033588094554,High,1,0
2016-01-01,Turkana,0.646795778246484,Medium,1,0
2016-01-01,Garissa,0.5084788994452807,Medium,1,0
2016-01-01,Mandera,0.4156379015939673,Medium,0,0
2016-01-01,Samburu,0.3204521915978594,Low,0,0
2016-01-01,Tana River,0.2610404128533382,Low,0,0
2016-01-01,Kajiado,0.18744510045343538,Low,0,0
2016-01-01,Lamu,0.16232000600395793,Low,0,0
2016-02-01,Wajir,0.6814066913810796,Medium,1,0
2016-02-01,Marsabit,0.6130647797129889,Medium,1,0
2016-02-01,Turkana,0.6124588272565294,Medium,1,0
2016-02-01,Isiolo,0.47697073314995436,Medium,0,0
2016-02-01,Garissa,0.4379250519822573,Medium,0,0
2016-02-01,Mandera,0.38495333567911416,Low,0,0
2016-02-01,Kajiado,0.21188515787607262,Low,0,0
2016-02-01,Samburu,0.20166598452797296,Low,0,0
2016-02-01,Baringo,0.12650670198633893,Low,0,0
2016-02-01,Tana River,0.09871635377519122,Low,0,0
2016-03-01,Wajir,0.7592202644406094,High,1,0
2016-03-01,Mandera,0.703628048450772,High,1,0
2016-03-01,Marsabit,0.5558859729946823,Medium,1,0
2016-03-01,Turkana,0.5277725669231761,Medium,1,0
2016-03-01,Isiolo,0.4497079023051572,Medium,0,0
2016-03-01,Garissa,0.3437633686146688,Low,0,0
2016-03-01,Samburu,0.250257814733338,Low,0,0
2016-03-01,Kajiado,0.21085240350176157,Low,0,0
2016-03-01,Mombasa,0.06359455765782926,Low,0,0
2016-03-01,Tana River,0.05594984804291309,Low,0,0
2016-04-01,Mandera,0.7915915799390147,High,1,0
2016-04-01,Wajir,0.743102179963421,High,1,0
2016-04-01,Marsabit,0.6979332806118673,Medium,1,0
2016-04-01,Turkana,0.6578997979840407,Medium,1,0
2016-04-01,Garissa,0.45047469994140643,Medium,0,0
2016-04-01,Isiolo,0.41506189041331837,Medium,0,0
2016-04-01,Samburu,0.327663367548082,Low,0,0
2016-04-01,Kajiado,0.1927711536408523,Low,0,0
2016-04-01,Baringo,0.1351417111948525,Low,0,0
2016-04-01,Tana River,0.10845470993350485,Low,0,0
2016-05-01,Wajir,0.7971850027974615,High,1,0
2016-05-01,Mandera,0.7181830958411222,High,1,0
2016-05-01,Isiolo,0.6861683696226809,Medium,1,0
2016-05-01,Turkana,0.6177347869791221,Medium,1,0
2016-05-01,Marsabit,0.5739021676940029,Medium,1,0
2016-05-01,Garissa,0.4292353181328427,Medium,0,0
2016-05-01,Samburu,0.3877971394357049,Low,0,0
2016-05-01,Kajiado,0.22035648425831933,Low,0,0
2016-05-01,Tana River,0.159748186506338,Low,0,0
2016-05-01,Baringo,0.12349159787076999,Low,0,0
2016-06-01,Wajir,0.815506637516285,High,1,0
2016-06-01,Isiolo,0.7063837925497701,High,1,0
2016-06-01,Mandera,0.6817010703732801,Medium,1,0
2016-06-01,Turkana,0.6623587015061376,Medium,1,0
2016-06-01,Garissa,0.5527699290562357,Medium,1,0
2016-06-01,Tana River,0.43547613181472783,Medium,0,0
2016-06-01,Marsabit,0.41262373376842193,Medium,0,0
2016-06-01,Samburu,0.309282259499892,Low,0,0
2016-06-01,Lamu,0.18355638481208836,Low,0,0
2016-06-01,Baringo,0.15433444480529762,Low,0,0
2016-07-01,Wajir,0.7114712143036631,High,1,0
2016-07-01,Turkana,0.6668832814083178,Medium,1,0
2016-07-01,Mandera,0.6485789111205428,Medium,1,0
2016-07-01,Isiolo,0.5795990840759019,Medium,1,0
2016-07-01,Marsabit,0.4766379470034999,Medium,0,0
2016-07-01,Garissa,0.45335156687900896,Medium,0,0
2016-07-01,Tana River,0.3800442370414964,Low,0,0
2016-07-01,Samburu,0.2815316672978361,Low,0,0
2016-07-01,Lamu,0.17138770473014364,Low,0,0
2016-07-01,Baringo,0.10699202628257011,Low,0,0
2016-08-01,Wajir,0.698552433320971,Medium,1,0
2016-08-01,Garissa,0.567502787449364,Medium,1,0
2016-08-01,Turkana,0.5410211100962404,Medium,1,0
2016-08-01,Isiolo,0.4789060068211436,Medium,0,0
2016-08-01,Tana River,0.4439548684158514,Medium,0,0
2016-08-01,Mandera,0.4161981550979001,Medium,0,0
2016-08-01,Marsabit,0.41390407116073147,Medium,0,0
2016-08-01,Samburu,0.2379214496723224,Low,0,0
2016-08-01,Lamu,0.15873191132627965,Low,0,0
2016-08-01,Baringo,0.07605825657486942,Low,0,0
2016-09-01,Tana River,0.8697407576457102,High,1,0
2016-09-01,Wajir,0.8487374604042119,High,1,0
2016-09-01,Garissa,0.6856048504923955,Medium,1,0
2016-09-01,Turkana,0.5960316014951146,Medium,1,0
2016-09-01,Marsabit,0.52251430676503,Medium,1,0
2016-09-01,Mandera,0.4655211456565479,Medium,0,0
2016-09-01,Isiolo,0.45619467086521664,Medium,0,0
2016-09-01,Samburu,0.39932196602004183,Low,0,0
2016-09-01,Kitui,0.15013399610545308,Low,0,0
2016-09-01,Kajiado,0.14347869925911033,Low,0,0
2016-10-01,Tana River,0.9157134366724098,High,1,1
2016-10-01,Garissa,0.9054499367775467,High,1,1
2016-10-01,Marsabit,0.8164311106688709,High,1,1
2016-10-01,Wajir,0.8027697506584522,High,1,0
2016-10-01,Turkana,0.7773968952097395,High,1,0
2016-10-01,Isiolo,0.5526987847936089,Medium,1,0
2016-10-01,Samburu,0.45107667061314577,Medium,0,0
2016-10-01,Mandera,0.4458138626080836,Medium,0,0
2016-10-01,Kajiado,0.1244469158576808,Low,0,0
2016-10-01,Baringo,0.10945569854798368,Low,0,0
2016-11-01,Garissa,0.9533442803354079,High,1,1
2016-11-01,Marsabit,0.9420226865339782,High,1,1
2016-11-01,Tana River,0.9180713300453429,High,1,1
2016-11-01,Turkana,0.8392144630969127,High,1,0
2016-11-01,Wajir,0.8057451584159554,High,1,0
2016-11-01,Isiolo,0.7322376264307893,High,1,0
2016-11-01,Samburu,0.5970778914630539,Medium,1,0
2016-11-01,Mandera,0.5152444956741957,Medium,1,0
2016-11-01,Baringo,0.21260326418614148,Low,0,0
2016-11-01,Kajiado,0.09434183028208716,Low,0,0
2016-12-01,Garissa,0.9652589854994429,High,1,1
2016-12-01,Marsabit,0.9361556946774425,High,1,1
2016-12-01,Wajir,0.9090372512542507,High,1,0
2016-12-01,Tana River,0.8854149299209609,High,1,1
2016-12-01,Turkana,0.8241745060818233,High,1,0
2016-12-01,Isiolo,0.7463502039777055,High,1,0
2016-12-01,Mandera,0.6709219862256481,Medium,1,0
2016-12-01,Samburu,0.5711221650560163,Medium,1,0
2016-12-01,Baringo,0.26957613504554134,Low,0,0
2016-12-01,Kitui,0.10386983116921279,Low,0,0
2017-01-01,Tana River,0.9362384882834818,High,1,1
2017-01-01,Garissa,0.9345891501418486,High,1,1
2017-01-01,Marsabit,0.9143758326713584,High,1,1
2017-01-01,Wajir,0.8860029218933775,High,1,0
2017-01-01,Mandera,0.8845299349532829,High,1,0
2017-01-01,Turkana,0.7774941312130416,High,1,0
2017-01-01,Isiolo,0.6987401145661671,Medium,1,0
2017-01-01,Samburu,0.6766220246594767,Medium,1,0
2017-01-01,Baringo,0.26511738513064803,Low,0,0
2017-01-01,Lamu,0.17276408502455598,Low,0,0
2017-02-01,Mandera,0.9784069927790026,High,1,1
2017-02-01,Turkana,0.9571921972658777,High,1,1
2017-02-01,Samburu,0.9483742204467183,High,1,1
2017-02-01,Marsabit,0.9460280493582068,High,1,1
2017-02-01,Wajir,0.9358397648401291,High,1,1
2017-02-01,Tana River,0.9031906472444905,High,1,1
2017-02-01,Garissa,0.8888774362754839,High,1,1
2017-02-01,Baringo,0.8008740047953276,High,1,1
2017-02-01,Isiolo,0.7085482721835517,High,1,0
2017-02-01,Lamu,0.7064962571608845,High,1,1
2017-03-01,Turkana,0.9711943588949147,High,1,1
2017-03-01,Samburu,0.9490180719912646,High,1,1
2017-03-01,Marsabit,0.9476124629302974,High,1,1
2017-03-01,Tana River,0.9463366698775744,High,1,1
2017-03-01,Baringo,0.9443119570354648,High,1,1
2017-03-01,Garissa,0.9064777613459958,High,1,1
2017-03-01,Wajir,0.9026572055137803,High,1,1
2017-03-01,Mandera,0.8600849479586146,High,1,1
2017-03-01,Lamu,0.8176375671013573,High,1,1
2017-03-01,Kilifi,0.7537745039444207,High,1,1
2017-04-01,Tana River,0.9711421634110188,High,1,1
2017-04-01,Garissa,0.9299301943765768,High,1,1
2017-04-01,Turkana,0.922766185360342,High,1,1
2017-04-01,Marsabit,0.9219203848648462,High,1,1
2017-04-01,Baringo,0.9217335500966852,High,1,1
2017-04-01,Mandera,0.918580047305771,High,1,1
2017-04-01,Samburu,0.8955045736632806,High,1,1
2017-04-01,Lamu,0.8715007188436463,High,1,1
2017-04-01,Wajir,0.854410012442459,High,1,1
2017-04-01,Kilifi,0.5869956244772007,Medium,1,1
2017-05-01,Tana River,0.9821301027507567,High,1,1
2017-05-01,Samburu,0.9575559722298483,High,1,1
2017-05-01,Turkana,0.9536459814512673,High,1,1
2017-05-01,Marsabit,0.932947756796244,High,1,1
2017-05-01,Baringo,0.9196237590519512,High,1,1
2017-05-01,Wajir,0.8891431156468448,High,1,1
2017-05-01,Garissa,0.8869768345272386,High,1,1
2017-05-01,Mandera,0.8752287719556527,High,1,1
2017-05-01,Lamu,0.8524472984146014,High,1,1
2017-05-01,Kilifi,0.602011237890277,Medium,1,1
2017-06-01,Marsabit,0.9779850797774786,High,1,1
2017-06-01,Garissa,0.964320447017064,High,1,1
2017-06-01,Tana River,0.9624434786985347,High,1,1
2017-06-01,Mandera,0.9495107619768484,High,1,1
2017-06-01,Wajir,0.9494956273623846,High,1,1
2017-06-01,Samburu,0.9440883192679146,High,1,1
2017-06-01,Turkana,0.9376510711851538,High,1,1
2017-06-01,Baringo,0.8983195747823717,High,1,1
2017-06-01,Isiolo,0.8804329964011395,High,1,1
2017-06-01,Lamu,0.8700497676417983,High,1,1
2017-07-01,Marsabit,0.973892829695062,High,1,1
2017-07-01,Samburu,0.9715429572127284,High,1,1
2017-07-01,Wajir,0.9620719313947598,High,1,1
2017-07-01,Mandera,0.9615417297490784,High,1,1
2017-07-01,Turkana,0.9523296015895872,High,1,1
2017-07-01,Baringo,0.9461645408327627,High,1,1
2017-07-01,Isiolo,0.9406060507584073,High,1,1
2017-07-01,Tana River,0.9162852025335533,High,1,1
2017-07-01,Garissa,0.8821983854770749,High,1,1
2017-07-01,Lamu,0.8522658835004965,High,1,1
2017-08-01,Samburu,0.968097755631915,High,1,1
2017-08-01,Mandera,0.9618278130493729,High,1,1
2017-08-01,Garissa,0.9458872195025385,High,1,1
2017-08-01,Marsabit,0.9451432641050165,High,1,1
2017-08-01,Wajir,0.9332679073855918,High,1,1
2017-08-01,Isiolo,0.9277476768300318,High,1,1
2017-08-01,Lamu,0.9008281602355208,High,1,1
2017-08-01,Turkana,0.886506369212396,High,1,1
2017-08-01,Tana River,0.8847513129140748,High,1,1
2017-08-01,Baringo,0.8627566101554802,High,1,1
2017-09-01,Mandera,0.9661839277339963,High,1,1
2017-09-01,Marsabit,0.9436290628369016,High,1,1
2017-09-01,Tana River,0.9424055903339871,High,1,1
2017-09-01,Lamu,0.937674369931336,High,1,1
2017-09-01,Samburu,0.9303495969893311,High,1,1
2017-09-01,Turkana,0.9048003424083195,High,1,1
2017-09-01,Wajir,0.8918390231160486,High,1,1
2017-09-01,Isiolo,0.8916368702427444,High,1,1
2017-09-01,Garissa,0.8492861113275195,High,1,1
2017-09-01,Baringo,0.7630694625114112,High,1,1
2017-10-01,Samburu,0.9446554240442327,High,1,1
2017-10-01,Isiolo,0.9423234103345905,High,1,1
2017-10-01,Lamu,0.9351200944930408,High,1,1
2017-10-01,Mandera,0.933920108429438,High,1,1
2017-10-01,Garissa,0.9328848914441202,High,1,1
2017-10-01,Marsabit,0.9242920156644875,High,1,1
2017-10-01,Turkana,0.9074161062779088,High,1,1
2017-10-01,Wajir,0.8876231185415149,High,1,1
2017-10-01,Tana River,0.878683871543284,High,1,1
2017-10-01,Laikipia,0.5807135801119565,Medium,1,1
2017-11-01,Mandera,0.9639859324312486,High,1,1
2017-11-01,Isiolo,0.954728945311938,High,1,1
2017-11-01,Garissa,0.948832987706282,High,1,1
2017-11-01,Turkana,0.9364449996262253,High,1,1
2017-11-01,Wajir,0.9296538408355537,High,1,1
2017-11-01,Samburu,0.914412715885408,High,1,1
2017-11-01,Tana River,0.8991287358202875,High,1,1
2017-11-01,Marsabit,0.8842315562599358,High,1,1
2017-11-01,Lamu,0.8799695853943581,High,1,1
2017-11-01,Laikipia,0.5000817910376846,Medium,1,1
2017-12-01,Mandera,0.9519631424596723,High,1,1
2017-12-01,Wajir,0.9050440085183209,High,1,1
2017-12-01,Isiolo,0.8961420535099195,High,1,1
2017-12-01,Tana River,0.8747356420999202,High,1,1
2017-12-01,Lamu,0.8577652349744114,High,1,1
2017-12-01,Turkana,0.8441656376612923,High,1,1
2017-12-01,Garissa,0.8182637098828335,High,1,1
2017-12-01,Marsabit,0.8009174409579934,High,1,1
2017-12-01,Samburu,0.7474645117285392,High,1,1
2017-12-01,Laikipia,0.5333325822165678,Medium,1,1
2018-01-01,Mandera,0.9272340247017418,High,1,1
2018-01-01,Wajir,0.8994640896347916,High,1,1
2018-01-01,Tana River,0.8472197994168096,High,1,1
2018-01-01,Lamu,0.8160902576249489,High,1,1
2018-01-01,Garissa,0.8081434892897146,High,1,1
2018-01-01,Isiolo,0.8078625756681891,High,1,1
2018-01-01,Marsabit,0.7818505738970871,High,1,1
2018-01-01,Turkana,0.7579612536815911,High,1,1
2018-01-01,Samburu,0.7293337285272902,High,1,1
2018-01-01,Laikipia,0.5632587732380915,Medium,1,1
2018-02-01,Wajir,0.9197847640419973,High,1,1
2018-02-01,Mandera,0.9157064769911905,High,1,1
2018-02-01,Tana River,0.8708415065595898,High,1,1
2018-02-01,Lamu,0.8486702896072096,High,1,1
2018-02-01,Garissa,0.8146141870555309,High,1,1
2018-02-01,Isiolo,0.8133361041242263,High,1,1
2018-02-01,Marsabit,0.7954478764439257,High,1,1
2018-02-01,Samburu,0.7928307003602927,High,1,1
2018-02-01,Turkana,0.7166501282147573,High,1,1
2018-02-01,Kajiado,0.628997427530075,Medium,1,1
2018-03-01,Mandera,0.9504481389270034,High,1,1
2018-03-01,Garissa,0.9303958990326425,High,1,1
2018-03-01,Wajir,0.9235495579063233,High,1,1
2018-03-01,Marsabit,0.9133352323512391,High,1,1
2018-03-01,Turkana,0.9041677111746413,High,1,1
2018-03-01,Isiolo,0.8885353895566207,High,1,1
2018-03-01,Tana River,0.8650265053364916,High,1,1
2018-03-01,Lamu,0.8597109486152074,High,1,1
2018-03-01,Samburu,0.8072654224740873,High,1,1
2018-03-01,Kajiado,0.7598207216375282,High,1,1
2018-04-01,Marsabit,0.9701514025143618,High,1,1
2018-04-01,Tana River,0.9632891711193142,High,1,1
2018-04-01,Wajir,0.9628795050155879,High,1,1
2018-04-01,Garissa,0.9597330536349413,High,1,1
2018-04-01,Mandera,0.9528147365072769,High,1,1
2018-04-01,Turkana,0.9432023787216631,High,1,1
2018-04-01,Samburu,0.9428253470656734,High,1,1
2018-04-01,Isiolo,0.8854482816360829,High,1,1
2018-04-01,Lamu,0.8274326017960992,High,1,1
2018-04-01,Kajiado,0.7739964115590634,High,1,1
2018-05-01,Tana River,0.9670216995947203,High,1,1
2018-05-01,Wajir,0.9612147277614369,High,1,1
2018-05-01,Mandera,0.9578654360804747,High,1,1
2018-05-01,Marsabit,0.9569118913849947,High,1,1
2018-05-01,Samburu,0.951123172863873,High,1,1
2018-05-01,Turkana,0.9161371604480957,High,1,1
2018-05-01,Garissa,0.9106166450532369,High,1,1
2018-05-01,Isiolo,0.8753640304976119,High,1,1
2018-05-01,Lamu,0.6801633186969761,Medium,1,1
2018-05-01,Kajiado,0.6560428836523837,Medium,1,1
2018-06-01,Tana River,0.7907782121797731,High,1,1
2018-06-01,Marsabit,0.49768383213667117,Medium,0,0
2018-06-01,Mandera,0.47998187670892156,Medium,0,0
2018-06-01,Garissa,0.4664986791571424,Medium,0,0
2018-06-01,Turkana,0.4479605067165777,Medium,0,0
2018-06-01,Wajir,0.42994676696108336,Medium,0,0
2018-06-01,Samburu,0.4298862039363556,Medium,0,0
2018-06-01,Isiolo,0.22110539725073153,Low,0,0
2018-06-01,Lamu,0.203044652579986,Low,0,0
2018-06-01,West Pokot,0.112771808671389,Low,0,0
2018-07-01,Tana River,0.7920179416554953,High,1,1
2018-07-01,Turkana,0.574982864246408,Medium,1,0
2018-07-01,Mandera,0.435534671064805,Medium,0,0
2018-07-01,Wajir,0.38182744021207055,Low,0,0
2018-07-01,Garissa,0.31853367245693937,Low,0,0
2018-07-01,Samburu,0.22448202944007403,Low,0,0
2018-07-01,Marsabit,0.2241107771465222,Low,0,0
2018-07-01,Isiolo,0.1252333971092935,Low,0,0
2018-07-01,Baringo,0.08334647993211941,Low,0,0
2018-07-01,West Pokot,0.05876585420430071,Low,0,0
2018-08-01,Tana River,0.6943676788909078,Medium,1,1
2018-08-01,Garissa,0.4868841796418835,Medium,0,0
2018-08-01,Mandera,0.43553210617535526,Medium,0,0
2018-08-01,Wajir,0.3988455980568483,Low,0,0
2018-08-01,Turkana,0.3078203791265986,Low,0,0
2018-08-01,Isiolo,0.18337246614716038,Low,0,0
2018-08-01,Marsabit,0.10620421194607423,Low,0,0
2018-08-01,Samburu,0.08090180677012818,Low,0,0
2018-08-01,Lamu,0.0660821424246566,Low,0,0
2018-08-01,Kajiado,0.043163681156958865,Low,0,0
2018-09-01,Tana River,0.7654120819543222,High,1,1
2018-09-01,Garissa,0.5732603914826732,Medium,1,0
2018-09-01,Wajir,0.5289055628166556,Medium,1,0
2018-09-01,Turkana,0.5107823305528231,Medium,1,0
2018-09-01,Mandera,0.4463078070186837,Medium,0,0
2018-09-01,Isiolo,0.33644479772427077,Low,0,0
2018-09-01,Marsabit,0.20012289343114265,Low,0,0
2018-09-01,Baringo,0.09410329548615451,Low,0,0
2018-09-01,Kajiado,0.093820706016917,Low,0,0
2018-09-01,Nairobi,0.08893061193210208,Low,0,0
2018-10-01,Tana River,0.7287648710323857,High,1,1
2018-10-01,Turkana,0.5960251595668781,Medium,1,0
2018-10-01,Mandera,0.5883731986236981,Medium,1,0
2018-10-01,Wajir,0.5848563246781695,Medium,1,0
2018-10-01,Garissa,0.46289562496583364,Medium,0,0
2018-10-01,Marsabit,0.4366285196938587,Medium,0,0
2018-10-01,Isiolo,0.41416207519418313,Medium,0,0
2018-10-01,Baringo,0.1625168107400556,Low,0,0
2018-10-01,Samburu,0.1360143108706609,Low,0,0
2018-10-01,Machakos,0.10619003738524756,Low,0,0
2018-11-01,Tana River,0.8397433374179291,High,1,1
2018-11-01,Turkana,0.659824681802876,Medium,1,0
2018-11-01,Wajir,0.5646720056239224,Medium,1,0
2018-11-01,Mandera,0.5562852294099494,Medium,1,0
2018-11-01,Marsabit,0.48694029150623536,Medium,0,0
2018-11-01,Garissa,0.4051621420215456,Medium,0,0
2018-11-01,Isiolo,0.38579138289402204,Low,0,0
2018-11-01,Baringo,0.18031846574229665,Low,0,0
2018-11-01,Kajiado,0.106340657968703,Low,0,0
2018-11-01,Samburu,0.08111176424099495,Low,0,0
2018-12-01,Turkana,0.8555374641680504,High,1,0
2018-12-01,Isiolo,0.6702570584566092,Medium,1,0
2018-12-01,Mandera,0.6132297156296598,Medium,1,0
2018-12-01,Wajir,0.5759835898098175,Medium,1,0
2018-12-01,Marsabit,0.5214057800736651,Medium,1,0
2018-12-01,Garissa,0.4561463667281953,Medium,0,0
2018-12-01,Tana River,0.24754913389375088,Low,0,0
2018-12-01,Baringo,0.17825546481164636,Low,0,0
2018-12-01,Samburu,0.15612022451548738,Low,0,0
2018-12-01,Lamu,0.10185667264971916,Low,0,0
2019-01-01,Turkana,0.8198282337432391,High,1,0
2019-01-01,Wajir,0.6260899864660877,Medium,1,0
2019-01-01,Isiolo,0.6227459629689452,Medium,1,0
2019-01-01,Marsabit,0.5982603816431359,Medium,1,0
2019-01-01,Mandera,0.5059289265096542,Medium,1,0
2019-01-01,Garissa,0.463497140160639,Medium,0,0
2019-01-01,Tana River,0.3593329563518337,Low,0,0
2019-01-01,Samburu,0.24323428816609893,Low,0,0
2019-01-01,Baringo,0.15721109761199606,Low,0,0
2019-01-01,Kajiado,0.09448060555173293,Low,0,0
2019-02-01,Turkana,0.8258752152604752,High,1,0
2019-02-01,Isiolo,0.5811135917248726,Medium,1,0
2019-02-01,Wajir,0.5668744243836136,Medium,1,0
2019-02-01,Tana River,0.5352935672383046,Medium,1,0
2019-02-01,Marsabit,0.5118980364930102,Medium,1,0
2019-02-01,Garissa,0.46879236368727695,Medium,0,0
2019-02-01,Mandera,0.33776982742942274,Low,0,0
2019-02-01,Samburu,0.30339621858368493,Low,0,0
2019-02-01,West Pokot,0.1727728793378135,Low,0,0
2019-02-01,Baringo,0.15455048170041227,Low,0,0
2019-03-01,Turkana,0.7960652116982532,High,1,0
2019-03-01,Tana River,0.6510278110006107,Medium,1,0
2019-03-01,Marsabit,0.6509024521220645,Medium,1,0
2019-03-01,Isiolo,0.6207295307245798,Medium,1,0
2019-03-01,Garissa,0.5309906137176692,Medium,1,0
2019-03-01,Wajir,0.4867728727639986,Medium,0,0
2019-03-01,Samburu,0.4404669708406335,Medium,0,0
2019-03-01,Mandera,0.4027095874282225,Medium,0,0
2019-03-01,Baringo,0.15993449212477484,Low,0,0
2019-03-01,West Pokot,0.12801536970249955,Low,0,0
2019-04-01,Turkana,0.8104782905683444,High,1,0
2019-04-01,Marsabit,0.7080931756240417,High,1,0
2019-04-01,Garissa,0.6554865227917996,Medium,1,0
2019-04-01,Tana River,0.4705596224859178,Medium,0,0
2019-04-01,Mandera,0.43079902026659345,Medium,0,0
2019-04-01,Isiolo,0.4221223413088857,Medium,0,0
2019-04-01,Wajir,0.41529097747799937,Medium,0,0
2019-04-01,Samburu,0.3368533715828184,Low,0,0
2019-04-01,Lamu,0.13138503791172096,Low,0,0
2019-04-01,Baringo,0.11382654267392883,Low,0,0
2019-05-01,Turkana,0.7887697217685112,High,1,0
2019-05-01,Marsabit,0.7385684790946692,High,1,0
2019-05-01,Samburu,0.6164788566683592,Medium,1,0
2019-05-01,Wajir,0.5081730750956625,Medium,1,0
2019-05-01,Tana River,0.5079421898292314,Medium,1,0
2019-05-01,Mandera,0.4695785255445902,Medium,0,0
2019-05-01,Garissa,0.4574538164499186,Medium,0,0
2019-05-01,Isiolo,0.37323164579854856,Low,0,0
2019-05-01,Lamu,0.31295870056807285,Low,0,0
2019-05-01,Baringo,0.2795268084047375,Low,0,0
2019-06-01,Marsabit,0.9684037387656967,High,1,1
2019-06-01,Isiolo,0.9520330804516935,High,1,1
2019-06-01,Turkana,0.9348179842719897,High,1,1
2019-06-01,Wajir,0.9208624390125095,High,1,1
2019-06-01,Tana River,0.9164874113618993,High,1,1
2019-06-01,Garissa,0.9019213405803473,High,1,1
2019-06-01,Mandera,0.8978677479016929,High,1,1
2019-06-01,Baringo,0.8075113099938417,High,1,1
2019-06-01,Samburu,0.769777452704986,High,1,0
2019-06-01,Lamu,0.33200325885287346,Low,0,0
2019-07-01,Wajir,0.9775575807287149,High,1,1
2019-07-01,Isiolo,0.9634254789859479,High,1,1
2019-07-01,Marsabit,0.9444325485725722,High,1,1
2019-07-01,Mandera,0.936701419873318,High,1,1
2019-07-01,Turkana,0.934947067433928,High,1,1
2019-07-01,Tana River,0.9315442367281668,High,1,1
2019-07-01,Garissa,0.8992261165505746,High,1,1
2019-07-01,Baringo,0.8309968387958169,High,1,1
2019-07-01,Samburu,0.713227099462476,High,1,0
2019-07-01,Lamu,0.44392454148325877,Medium,0,0
2019-08-01,Wajir,0.9622717261612074,High,1,1
2019-08-01,Marsabit,0.9445492915843177,High,1,1
2019-08-01,Isiolo,0.9232622099207427,High,1,1
2019-08-01,Turkana,0.8970027611196367,High,1,1
2019-08-01,Garissa,0.8920932137439591,High,1,1
2019-08-01,Mandera,0.8882530394600159,High,1,1
2019-08-01,Tana River,0.8839223930799675,High,1,1
2019-08-01,Baringo,0.7609782442201312,High,1,1
2019-08-01,Samburu,0.6739058837990761,Medium,1,0
2019-08-01,Lamu,0.4869581330699957,Medium,0,0
2019-09-01,Wajir,0.961622677771793,High,1,1
2019-09-01,Marsabit,0.9388585023215503,High,1,1
2019-09-01,Tana River,0.9028637907895097,High,1,1
2019-09-01,Garissa,0.8768793921882204,High,1,1
2019-09-01,Turkana,0.8766488657600054,High,1,1
2019-09-01,Mandera,0.8421230775025564,High,1,1
2019-09-01,Isiolo,0.8419392323025784,High,1,1
2019-09-01,Baringo,0.7486396431031739,High,1,1
2019-09-01,Samburu,0.658652820542623,Medium,1,0
2019-09-01,Meru,0.26983817930922377,Low,0,0
2019-10-01,Marsabit,0.9364693833671968,High,1,1
2019-10-01,Wajir,0.934502593763691,High,1,1
2019-10-01,Tana River,0.9309971564489368,High,1,1
2019-10-01,Garissa,0.9249060286518049,High,1,1
2019-10-01,Samburu,0.9125888299769038,High,1,1
2019-10-01,Mandera,0.9024875281631877,High,1,1
2019-10-01,Turkana,0.8617213901924664,High,1,1
2019-10-01,Isiolo,0.8389259403827423,High,1,1
2019-10-01,Makueni,0.6748163450138931,Medium,1,1
2019-10-01,Tharaka Nithi,0.674805407103827,Medium,1,1
2019-11-01,Wajir,0.9674197251186922,High,1,1
2019-11-01,Tana River,0.9616758192972583,High,1,1
2019-11-01,Samburu,0.9498724647837862,High,1,1
2019-11-01,Garissa,0.9324017973247323,High,1,1
2019-11-01,Isiolo,0.9032063793496989,High,1,1
2019-11-01,Marsabit,0.8992771956090284,High,1,1
2019-11-01,Mandera,0.892952727915898,High,1,1
2019-11-01,Turkana,0.8412531365798209,High,1,1
2019-11-01,Lamu,0.7953538138257508,High,1,1
2019-11-01,Tharaka Nithi,0.7134713196591892,High,1,1
2019-12-01,Wajir,0.9410894488777675,High,1,1
2019-12-01,Turkana,0.933528544458449,High,1,1
2019-12-01,Samburu,0.9271957368038506,High,1,1
2019-12-01,Isiolo,0.9051533261279687,High,1,1
2019-12-01,Garissa,0.8994758561195867,High,1,1
2019-12-01,Tana River,0.891834311226019,High,1,1
2019-12-01,Mandera,0.8489897742344032,High,1,1
2019-12-01,Marsabit,0.8341825510168513,High,1,1
2019-12-01,Lamu,0.8278206161330393,High,1,1
2019-12-01,Baringo,0.7750570484806271,High,1,1
2020-01-01,Turkana,0.8722396147184187,High,1,1
2020-01-01,Garissa,0.8419825349154906,High,1,1
2020-01-01,Tana River,0.8260058448032299,High,1,1
2020-01-01,Samburu,0.8073116117038854,High,1,1
2020-01-01,Wajir,0.8035755230467023,High,1,1
2020-01-01,Isiolo,0.79019101507077,High,1,1
2020-01-01,Lamu,0.7886243590068763,High,1,1
2020-01-01,Marsabit,0.7869279146411159,High,1,1
2020-01-01,Baringo,0.7779768434319579,High,1,1
2020-01-01,Mandera,0.7611973234009739,High,1,1
2020-02-01,Tana River,0.7022389536605561,High,1,1
2020-02-01,Garissa,0.4091057224201274,Medium,0,0
2020-02-01,Baringo,0.40577795074251,Medium,0,0
2020-02-01,Samburu,0.39274624278403053,Low,0,0
2020-02-01,Wajir,0.3510155356915588,Low,0,0
2020-02-01,Marsabit,0.32601578561367733,Low,0,0
2020-02-01,Turkana,0.3211400818259358,Low,0,0
2020-02-01,Mandera,0.30345664453588134,Low,0,0
2020-02-01,Lamu,0.30071361169719907,Low,0,0
2020-02-01,West Pokot,0.19316828905885575,Low,0,0
2020-03-01,Tana River,0.7465148034757175,High,1,1
2020-03-01,Baringo,0.4546719010396568,Medium,0,0
2020-03-01,Garissa,0.41763942486057365,Medium,0,0
2020-03-01,Mandera,0.41026159951172436,Medium,0,0
2020-03-01,Samburu,0.332782479366238,Low,0,0
2020-03-01,Wajir,0.30683037301051014,Low,0,0
2020-03-01,Marsabit,0.28372857989978273,Low,0,0
2020-03-01,Lamu,0.2721303469771246,Low,0,0
2020-03-01,Turkana,0.2595359990673225,Low,0,0
2020-03-01,Isiolo,0.19712891374030556,Low,0,0
2020-04-01,Tana River,0.7695857652997857,High,1,1
2020-04-01,Mandera,0.4519406237004725,Medium,0,0
2020-04-01,Garissa,0.39079398521720476,Low,0,0
2020-04-01,Turkana,0.368396109802081,Low,0,0
2020-04-01,Wajir,0.33457601530518666,Low,0,0
2020-04-01,Baringo,0.3153247499025306,Low,0,0
2020-04-01,Lamu,0.30342342720784,Low,0,0
2020-04-01,Samburu,0.28820708128701433,Low,0,0
2020-04-01,Marsabit,0.2847589202266023,Low,0,0
2020-04-01,Isiolo,0.2235659176097097,Low,0,0
2020-05-01,Tana River,0.7853010053857601,High,1,1
2020-05-01,Garissa,0.5439525699794842,Medium,1,0
2020-05-01,Wajir,0.411560391118954,Medium,0,0
2020-05-01,Isiolo,0.39471169077342194,Low,0,0
2020-05-01,Mandera,0.3939077978330978,Low,0,0
2020-05-01,Samburu,0.38723855890491826,Low,0,0
2020-05-01,Turkana,0.3301059143374915,Low,0,0
2020-05-01,Marsabit,0.3272215837696731,Low,0,0
2020-05-01,Baringo,0.23477183160892665,Low,0,0
2020-05-01,Lamu,0.1751704967613216,Low,0,0
2020-06-01,Mandera,0.8348442015600481,High,1,1
2020-06-01,Tana River,0.7737667424963003,High,1,1
2020-06-01,Garissa,0.5435577490567942,Medium,1,0
2020-06-01,Wajir,0.5376016146851155,Medium,1,0
2020-06-01,Marsabit,0.5175751920951196,Medium,1,0
2020-06-01,Samburu,0.48062915302624953,Medium,0,0
2020-06-01,Turkana,0.449354632148622,Medium,0,0
2020-06-01,Isiolo,0.2711704473774372,Low,0,0
2020-06-01,Baringo,0.13052492732385937,Low,0,0
2020-06-01,West Pokot,0.1293927674572028,Low,0,0
2020-07-01,Tana River,0.8142329806610963,High,1,1
2020-07-01,Mandera,0.7466887431810908,High,1,1
2020-07-01,Wajir,0.48391932568788776,Medium,0,0
2020-07-01,Marsabit,0.464251818153598,Medium,0,0
2020-07-01,Turkana,0.45729904290249723,Medium,0,0
2020-07-01,Garissa,0.429202732305948,Medium,0,0
2020-07-01,Isiolo,0.38213573579923366,Low,0,0
2020-07-01,Samburu,0.3458136658430094,Low,0,0
2020-07-01,Lamu,0.17225231392224905,Low,0,0
2020-07-01,Baringo,0.1684418073102962,Low,0,0
2020-08-01,Tana River,0.7904771090831395,High,1,1
2020-08-01,Mandera,0.7083819274831674,High,1,1
2020-08-01,Wajir,0.49519161034398934,Medium,0,0
2020-08-01,Garissa,0.4248287017691908,Medium,0,0
2020-08-01,Samburu,0.4031239286890813,Medium,0,0
2020-08-01,Marsabit,0.4014541590994908,Medium,0,0
2020-08-01,Turkana,0.38786165687897345,Low,0,0
2020-08-01,Isiolo,0.277212371216099,Low,0,0
2020-08-01,Lamu,0.24395656119650933,Low,0,0
2020-08-01,Kajiado,0.2227891756602547,Low,0,0
2020-09-01,Tana River,0.8512241841557905,High,1,1
2020-09-01,Mandera,0.8004738424910717,High,1,1
2020-09-01,Wajir,0.5644775548002499,Medium,1,0
2020-09-01,Marsabit,0.5619522210934541,Medium,1,0
2020-09-01,Turkana,0.43519468572042364,Medium,0,0
2020-09-01,Garissa,0.4347542525989443,Medium,0,0
2020-09-01,Samburu,0.39616940008481805,Low,0,0
2020-09-01,Isiolo,0.3751634592355555,Low,0,0
2020-09-01,Taita Taveta,0.2220018135094048,Low,0,0
2020-09-01,Machakos,0.15243338641512982,Low,0,0
2020-10-01,Turkana,0.7765549936167262,High,1,1
2020-10-01,Mandera,0.6160701366261061,Medium,1,0
2020-10-01,Marsabit,0.588397143541949,Medium,1,0
2020-10-01,Tana River,0.5726751771999179,Medium,1,0
2020-10-01,Samburu,0.5337617572558898,Medium,1,0
2020-10-01,Wajir,0.5213604308692069,Medium,1,0
2020-10-01,Garissa,0.47731956488518357,Medium,0,0
2020-10-01,Isiolo,0.4486615363943492,Medium,0,0
2020-10-01,Lamu,0.2648989852697833,Low,0,0
2020-10-01,Kajiado,0.1465901186372796,Low,0,0
2020-11-01,Turkana,0.8342847746547857,High,1,1
2020-11-01,Marsabit,0.618256672584829,Medium,1,0
2020-11-01,Wajir,0.6012433663276955,Medium,1,0
2020-11-01,Isiolo,0.5780658464270896,Medium,1,0
2020-11-01,Mandera,0.5615313472359879,Medium,1,0
2020-11-01,Tana River,0.5260378218507955,Medium,1,0
2020-11-01,Samburu,0.5000800659371433,Medium,1,0
2020-11-01,Garissa,0.45275381275657317,Medium,0,0
2020-11-01,Lamu,0.2817633442618604,Low,0,0
2020-11-01,Kajiado,0.2726000939634356,Low,0,0
2020-12-01,Turkana,0.8001962547248748,High,1,1
2020-12-01,Marsabit,0.6644575273342314,Medium,1,0
2020-12-01,Isiolo,0.5479257508317867,Medium,1,0
2020-12-01,Tana River,0.5231081386632455,Medium,1,0
2020-12-01,Mandera,0.4874267242293244,Medium,0,0
2020-12-01,Wajir,0.4853408803781506,Medium,0,0
2020-12-01,Samburu,0.4036652027571228,Medium,0,0
2020-12-01,Garissa,0.39376683486493697,Low,0,0
2020-12-01,Lamu,0.27778600292904954,Low,0,0
2020-12-01,Kajiado,0.11734111409004921,Low,0,0
2021-01-01,Turkana,0.699721191888832,Medium,1,1
2021-01-01,Isiolo,0.685308715235375,Medium,1,0
2021-01-01,Marsabit,0.6727262699836091,Medium,1,0
2021-01-01,Wajir,0.6056623958546239,Medium,1,0
2021-01-01,Mandera,0.5177082852992794,Medium,1,0
2021-01-01,Tana River,0.469706553508506,Medium,0,0
2021-01-01,Garissa,0.35907983138490335,Low,0,0
2021-01-01,Samburu,0.2686810182098127,Low,0,0
2021-01-01,Baringo,0.2049874272434103,Low,0,0
2021-01-01,Kajiado,0.15059841164184798,Low,0,0
2021-02-01,Mandera,0.9547235225244493,High,1,1
2021-02-01,Wajir,0.938278838433557,High,1,1
2021-02-01,Marsabit,0.9363315807935091,High,1,1
2021-02-01,Isiolo,0.9001675241596527,High,1,1
2021-02-01,Samburu,0.8153537501324518,High,1,1
2021-02-01,Tana River,0.7935548678034959,High,1,1
2021-02-01,Turkana,0.7867826407331348,High,1,1
2021-02-01,Garissa,0.4777610187047731,Medium,0,0
2021-02-01,Baringo,0.20469546386816842,Low,0,0
2021-02-01,Kajiado,0.14215810031329204,Low,0,0
2021-03-01,Wajir,0.9583621317064659,High,1,1
2021-03-01,Isiolo,0.9276600715424419,High,1,1
2021-03-01,Mandera,0.9245486943294088,High,1,1
2021-03-01,Marsabit,0.8930477906459285,High,1,1
2021-03-01,Tana River,0.826539094111947,High,1,1
2021-03-01,Samburu,0.7926630544656907,High,1,1
2021-03-01,Turkana,0.7016047204513395,High,1,1
2021-03-01,Garissa,0.3454232801730104,Low,0,0
2021-03-01,Baringo,0.2520730666453324,Low,0,0
2021-03-01,Kajiado,0.17653946809303075,Low,0,0
2021-04-01,Mandera,0.9759116404684112,High,1,1
2021-04-01,Marsabit,0.9594652662854297,High,1,1
2021-04-01,Wajir,0.9401848439462397,High,1,1
2021-04-01,Isiolo,0.8980351061932025,High,1,1
2021-04-01,Tana River,0.8927480819418925,High,1,1
2021-04-01,Samburu,0.800299844630112,High,1,1
2021-04-01,Turkana,0.7886949988808152,High,1,1
2021-04-01,Garissa,0.4883926390704298,Medium,0,0
2021-04-01,Baringo,0.23372633692080896,Low,0,0
2021-04-01,Lamu,0.13903325695698773,Low,0,0
2021-05-01,Marsabit,0.9566363584560524,High,1,1
2021-05-01,Wajir,0.9469703527861226,High,1,1
2021-05-01,Mandera,0.9385349516069603,High,1,1
2021-05-01,Tana River,0.9352423866752239,High,1,1
2021-05-01,Isiolo,0.9099451958429826,High,1,1
2021-05-01,Turkana,0.8440367873218445,High,1,1
2021-05-01,Samburu,0.8077594001408341,High,1,1
2021-05-01,Garissa,0.5534700364250065,Medium,1,0
2021-05-01,Kajiado,0.19017869103700355,Low,0,0
2021-05-01,Baringo,0.1421873721299346,Low,0,0
2021-06-01,Isiolo,0.9713234443595958,High,1,1
2021-06-01,Wajir,0.951763466159218,High,1,1
2021-06-01,Tana River,0.9224417344107042,High,1,1
2021-06-01,Mandera,0.9117429629143197,High,1,1
2021-06-01,Garissa,0.8537886608155604,High,1,1
2021-06-01,Marsabit,0.8394725245425146,High,1,1
2021-06-01,Samburu,0.7618482827420396,High,1,1
2021-06-01,Turkana,0.7584407805226564,High,1,1
2021-06-01,Kajiado,0.28921395728350296,Low,0,0
2021-06-01,Kitui,0.1462323662642918,Low,0,0
2021-07-01,Marsabit,0.9514378040449247,High,1,1
2021-07-01,Tana River,0.9450680482568028,High,1,1
2021-07-01,Wajir,0.9400412099529989,High,1,1
2021-07-01,Samburu,0.9132878885619413,High,1,1
2021-07-01,Mandera,0.9081751758433367,High,1,1
2021-07-01,Garissa,0.8864942508959743,High,1,1
2021-07-01,Isiolo,0.8482110103576566,High,1,1
2021-07-01,Turkana,0.8148910193536519,High,1,1
2021-07-01,Kitui,0.2493725844259843,Low,0,0
2021-07-01,Baringo,0.22980723732599184,Low,0,0
2021-08-01,Isiolo,0.9636662106410676,High,1,1
2021-08-01,Tana River,0.9550496593163739,High,1,1
2021-08-01,Wajir,0.9321807015157174,High,1,1
2021-08-01,Mandera,0.9224671106445189,High,1,1
2021-08-01,Marsabit,0.9217349702901972,High,1,1
2021-08-01,Samburu,0.9090758574181824,High,1,1
2021-08-01,Turkana,0.907491148573176,High,1,1
2021-08-01,Garissa,0.843362820590135,High,1,1
2021-08-01,Baringo,0.2859464667349981,Low,0,0
2021-08-01,Lamu,0.2189370110307914,Low,0,0
2021-09-01,Wajir,0.957781949115613,High,1,1
2021-09-01,Tana River,0.9508562357778736,High,1,1
2021-09-01,Marsabit,0.9203073257949312,High,1,1
2021-09-01,Samburu,0.9105753978833876,High,1,1
2021-09-01,Mandera,0.8923233939435623,High,1,1
2021-09-01,Garissa,0.8721322127289994,High,1,1
2021-09-01,Turkana,0.8666235243284206,High,1,1
2021-09-01,Isiolo,0.8589032490733804,High,1,1
2021-09-01,Lamu,0.33333482677268544,Low,0,0
2021-09-01,Baringo,0.2575061423154338,Low,0,0
2021-10-01,Isiolo,0.952456622177253,High,1,1
2021-10-01,Wajir,0.9392824172322514,High,1,1
2021-10-01,Marsabit,0.9351081483917564,High,1,1
2021-10-01,Tana River,0.9218307115057369,High,1,1
2021-10-01,Garissa,0.914696695717809,High,1,1
2021-10-01,Mandera,0.8939191855138965,High,1,1
2021-10-01,Lamu,0.8937569918444794,High,1,1
2021-10-01,Turkana,0.8844499477760001,High,1,1
2021-10-01,Samburu,0.8250302336324767,High,1,1
2021-10-01,Baringo,0.7131416793395272,High,1,1
2021-11-01,Samburu,0.9273891134340921,High,1,1
2021-11-01,Marsabit,0.9255361996879752,High,1,1
2021-11-01,Tana River,0.9023401412671569,High,1,1
2021-11-01,Wajir,0.8705727691179797,High,1,1
2021-11-01,Mandera,0.8629531539420302,High,1,1
2021-11-01,Garissa,0.8588840302231588,High,1,1
2021-11-01,Isiolo,0.8406241777209539,High,1,1
2021-11-01,Turkana,0.8216815069051217,High,1,1
2021-11-01,Lamu,0.8129246261557594,High,1,1
2021-11-01,Baringo,0.7156564595534914,High,1,1
2021-12-01,Isiolo,0.9378181546747568,High,1,1
2021-12-01,Samburu,0.9377990073311108,High,1,1
2021-12-01,Marsabit,0.9324036707229102,High,1,1
2021-12-01,Mandera,0.9251574078124848,High,1,1
2021-12-01,Garissa,0.8967747850128421,High,1,1
2021-12-01,Tana River,0.8341926199512687,High,1,1
2021-12-01,Lamu,0.8240630284156463,High,1,1
2021-12-01,Turkana,0.8172804653383089,High,1,1
2021-12-01,Wajir,0.8070931365746893,High,1,1
2021-12-01,Baringo,0.6729967090413714,Medium,1,1
2022-01-01,Samburu,0.9781550695381156,High,1,1
2022-01-01,Isiolo,0.96849370367647,High,1,1
2022-01-01,Mandera,0.9676530805297826,High,1,1
2022-01-01,Garissa,0.943035942229299,High,1,1
2022-01-01,Wajir,0.9069053526458714,High,1,1
2022-01-01,Marsabit,0.8839504917969676,High,1,1
2022-01-01,Turkana,0.8830406064777498,High,1,1
2022-01-01,Tana River,0.8495950196747518,High,1,1
2022-01-01,Lamu,0.7922509129001333,High,1,1
2022-01-01,Baringo,0.6937319475551306,Medium,1,1
2022-02-01,Isiolo,0.9891365593743099,High,1,1
2022-02-01,Mandera,0.9842639327726391,High,1,1
2022-02-01,Samburu,0.980146994954502,High,1,1
2022-02-01,Turkana,0.9709957894504362,High,1,1
2022-02-01,Wajir,0.9474209775001355,High,1,1
2022-02-01,Marsabit,0.9241358012871684,High,1,1
2022-02-01,Garissa,0.9015893909435775,High,1,1
2022-02-01,Lamu,0.8445906953540995,High,1,1
2022-02-01,Tana River,0.808928514053736,High,1,1
2022-02-01,Baringo,0.7992062396547206,High,1,1
2022-03-01,Turkana,0.9836607441704931,High,1,1
2022-03-01,Samburu,0.9734549763681951,High,1,1
2022-03-01,Marsabit,0.9715129548155538,High,1,1
2022-03-01,Mandera,0.9663017475495981,High,1,1
2022-03-01,Isiolo,0.9632945943603254,High,1,1
2022-03-01,Wajir,0.9400266253338294,High,1,1
2022-03-01,Baringo,0.8858084085289536,High,1,1
2022-03-01,Lamu,0.8813228361098787,High,1,1
2022-03-01,Garissa,0.840993233511245,High,1,1
2022-03-01,Tana River,0.7945226741961559,High,1,1
2022-04-01,Turkana,0.9824732684666552,High,1,1
2022-04-01,Mandera,0.9679358164878014,High,1,1
2022-04-01,Samburu,0.9570468689150299,High,1,1
2022-04-01,Marsabit,0.9565383648658685,High,1,1
2022-04-01,Baringo,0.9053495075485113,High,1,1
2022-04-01,Isiolo,0.8890581516490967,High,1,1
2022-04-01,Wajir,0.8607127631693077,High,1,1
2022-04-01,Tana River,0.8488491829338024,High,1,1
2022-04-01,Garissa,0.8185252828953905,High,1,1
2022-04-01,Lamu,0.7812789232588755,High,1,1
2022-05-01,Turkana,0.9746626041052003,High,1,1
2022-05-01,Samburu,0.935415298562199,High,1,1
2022-05-01,Marsabit,0.9297354576343072,High,1,1
2022-05-01,Mandera,0.9187881139583101,High,1,1
2022-05-01,Baringo,0.9016702627808804,High,1,1
2022-05-01,Wajir,0.8139500085759618,High,1,1
2022-05-01,Tana River,0.7958516164954557,High,1,1
2022-05-01,Garissa,0.7831008676949139,High,1,1
2022-05-01,Isiolo,0.7736826767487152,High,1,1
2022-05-01,Lamu,0.7240436117816188,High,1,1
2022-06-01,Turkana,0.9750255343942997,High,1,1
2022-06-01,Samburu,0.9492067538028608,High,1,1
2022-06-01,Marsabit,0.9454836067383312,High,1,1
2022-06-01,Mandera,0.9446381991054761,High,1,1
2022-06-01,Garissa,0.8911802436184773,High,1,1
2022-06-01,Isiolo,0.8721236035726259,High,1,1
2022-06-01,Wajir,0.861487599139229,High,1,1
2022-06-01,Tana River,0.851441859403019,High,1,1
2022-06-01,Baringo,0.8217780611936917,High,1,1
2022-06-01,Lamu,0.7481562540124257,High,1,1
2022-07-01,Isiolo,0.9783555435479235,High,1,1
2022-07-01,Turkana,0.9684377398487818,High,1,1
2022-07-01,Mandera,0.9661126989526955,High,1,1
2022-07-01,Tana River,0.9560509063409234,High,1,1
2022-07-01,Samburu,0.9544948030377195,High,1,1
2022-07-01,Wajir,0.9501065395873519,High,1,1
2022-07-01,Garissa,0.9371861015496101,High,1,1
2022-07-01,Marsabit,0.933405294690089,High,1,1
2022-07-01,Lamu,0.8323391330836958,High,1,1
2022-07-01,Baringo,0.8102852419642862,High,1,1
2022-08-01,Isiolo,0.9823881418818695,High,1,1
2022-08-01,Tana River,0.9775605290464833,High,1,1
2022-08-01,Samburu,0.9729624000123535,High,1,1
2022-08-01,Mandera,0.9717136210850987,High,1,1
2022-08-01,Marsabit,0.9676014822901702,High,1,1
2022-08-01,Wajir,0.9646435270129188,High,1,1
2022-08-01,Turkana,0.9632672696401674,High,1,1
2022-08-01,Garissa,0.9059372841556984,High,1,1
2022-08-01,Baringo,0.8280636168408632,High,1,1
2022-08-01,Meru,0.7930682965139857,High,1,1
2022-09-01,Samburu,0.9739794063381383,High,1,1
2022-09-01,Marsabit,0.9704193725601242,High,1,1
2022-09-01,Tana River,0.9696284176917094,High,1,1
2022-09-01,Mandera,0.9694559728400098,High,1,1
2022-09-01,Turkana,0.9679528524620951,High,1,1
2022-09-01,Wajir,0.9627236551818976,High,1,1
2022-09-01,Garissa,0.9322997085244781,High,1,1
2022-09-01,Isiolo,0.9312881826368999,High,1,1
2022-09-01,Baringo,0.7934864747074611,High,1,1
2022-09-01,Kitui,0.7569460078515465,High,1,1
2022-10-01,Marsabit,0.978969866160811,High,1,1
2022-10-01,Samburu,0.970724413788716,High,1,1
2022-10-01,Turkana,0.9697651850730132,High,1,1
2022-10-01,Mandera,0.9511592750840474,High,1,1
2022-10-01,Tana River,0.9443377183264601,High,1,1
2022-10-01,Isiolo,0.9336676613887691,High,1,1
2022-10-01,Wajir,0.9299770747726177,High,1,1
2022-10-01,Garissa,0.8903999982520382,High,1,1
2022-10-01,Lamu,0.8194133947213454,High,1,1
2022-10-01,Baringo,0.7766642679133513,High,1,1
2022-11-01,Samburu,0.9804674922820797,High,1,1
2022-11-01,Turkana,0.9798071949691977,High,1,1
2022-11-01,Marsabit,0.964428778293823,High,1,1
2022-11-01,Garissa,0.9578468808445354,High,1,1
2022-11-01,Mandera,0.9396907308717825,High,1,1
2022-11-01,Wajir,0.9366491899388802,High,1,1
2022-11-01,Isiolo,0.9284952322381166,High,1,1
2022-11-01,Tana River,0.9130074653603397,High,1,1
2022-11-01,Lamu,0.8167713322643132,High,1,1
2022-11-01,Baringo,0.775149907136444,High,1,1
2022-12-01,Marsabit,0.9751869991686343,High,1,1
2022-12-01,Samburu,0.9578585549231501,High,1,1
2022-12-01,Isiolo,0.9450931666669047,High,1,1
2022-12-01,Garissa,0.9343879410662329,High,1,1
2022-12-01,Wajir,0.9242983780139334,High,1,1
2022-12-01,Turkana,0.9100415164612262,High,1,1
2022-12-01,Lamu,0.889357480667327,High,1,1
2022-12-01,Mandera,0.8756968092205222,High,1,1
2022-12-01,Tana River,0.8684007396791311,High,1,1
2022-12-01,Baringo,0.7392497385019933,High,1,1
2023-01-01,Isiolo,0.980914708179261,High,1,1
2023-01-01,Marsabit,0.9744557160243089,High,1,1
2023-01-01,Samburu,0.9598643110558224,High,1,1
2023-01-01,Wajir,0.9512571914156398,High,1,1
2023-01-01,Mandera,0.9418742242026548,High,1,1
2023-01-01,Garissa,0.9372535642888435,High,1,1
2023-01-01,Turkana,0.9090861054914378,High,1,1
2023-01-01,Tana River,0.8893164247096206,High,1,1
2023-01-01,Lamu,0.8836244057330734,High,1,1
2023-01-01,Baringo,0.7580721238184067,High,1,1
2023-02-01,Isiolo,0.9858922215592015,High,1,1
2023-02-01,Samburu,0.973796025478077,High,1,1
2023-02-01,Mandera,0.9654570124392531,High,1,1
2023-02-01,Marsabit,0.960514609229396,High,1,1
2023-02-01,Turkana,0.943237616201867,High,1,1
2023-02-01,Wajir,0.9381515740113149,High,1,1
2023-02-01,Tana River,0.9208074809214124,High,1,1
2023-02-01,Garissa,0.8987388645822417,High,1,1
2023-02-01,Lamu,0.883332874628775,High,1,1
2023-02-01,Baringo,0.809310265947631,High,1,1
2023-03-01,Isiolo,0.986818757064354,High,1,1
2023-03-01,Samburu,0.9790314097537616,High,1,1
2023-03-01,Mandera,0.9739495711829851,High,1,1
2023-03-01,Marsabit,0.9709717287703298,High,1,1
2023-03-01,Turkana,0.9623545077571741,High,1,1
2023-03-01,Wajir,0.9358024324095446,High,1,1
2023-03-01,Lamu,0.9139555604428203,High,1,1
2023-03-01,Tana River,0.9076709038026521,High,1,1
2023-03-01,Garissa,0.8830163585376535,High,1,1
2023-03-01,Baringo,0.8266802551952778,High,1,1
2023-04-01,Mandera,0.9819340376520244,High,1,1
2023-04-01,Marsabit,0.9789536167566242,High,1,1
2023-04-01,Turkana,0.971247319629883,High,1,1
2023-04-01,Wajir,0.9657271411846792,High,1,1
2023-04-01,Samburu,0.95037995325376,High,1,1
2023-04-01,Isiolo,0.9136349706663702,High,1,1
2023-04-01,Tana River,0.9002969018260418,High,1,1
2023-04-01,Lamu,0.8940070997134001,High,1,1
2023-04-01,Garissa,0.8701937708925794,High,1,1
2023-04-01,Baringo,0.8662483294872655,High,1,1
2023-05-01,Isiolo,0.9555784795469239,High,1,1
2023-05-01,Tana River,0.9552930086397428,High,1,1
2023-05-01,Turkana,0.9544439034058514,High,1,1
2023-05-01,Garissa,0.9512826025494218,High,1,1
2023-05-01,Samburu,0.9450267807561015,High,1,1
2023-05-01,Wajir,0.9438948456852104,High,1,1
2023-05-01,Marsabit,0.9322670796829723,High,1,1
2023-05-01,Mandera,0.9297631240645972,High,1,1
2023-05-01,Baringo,0.8553296853871224,High,1,1
2023-05-01,Lamu,0.8362446821653984,High,1,1
2023-06-01,Turkana,0.909290232379484,High,1,1
2023-06-01,Marsabit,0.8930400055077747,High,1,1
2023-06-01,Tana River,0.8816942405017465,High,1,1
2023-06-01,Isiolo,0.8806438814796615,High,1,1
2023-06-01,Samburu,0.8598264416006678,High,1,1
2023-06-01,Garissa,0.8287311946506756,High,1,1
2023-06-01,Mandera,0.8082203995107191,High,1,1
2023-06-01,Wajir,0.788135649454707,High,1,1
2023-06-01,Lamu,0.7808792751377109,High,1,1
2023-06-01,Meru,0.7469119982514418,High,1,1
2023-07-01,Garissa,0.9066343806553318,High,1,1
2023-07-01,Mandera,0.8712064717393797,High,1,1
2023-07-01,Turkana,0.8407642983720875,High,1,1
2023-07-01,Lamu,0.8318509924695696,High,1,1
2023-07-01,Marsabit,0.8137081718937771,High,1,1
2023-07-01,Wajir,0.8127273180995056,High,1,1
2023-07-01,Samburu,0.7988928144599353,High,1,1
2023-07-01,Tana River,0.7977344258301013,High,1,1
2023-07-01,Baringo,0.7434407623264897,High,1,1
2023-07-01,Isiolo,0.7142505108999719,High,1,1
2023-08-01,Garissa,0.8680034950252649,High,1,1
2023-08-01,Lamu,0.842910296008982,High,1,1
2023-08-01,Tana River,0.8361960951395452,High,1,1
2023-08-01,Turkana,0.8340901234446696,High,1,1
2023-08-01,Mandera,0.8256839869355858,High,1,1
2023-08-01,Samburu,0.8035250453270091,High,1,1
2023-08-01,Wajir,0.7550811946942291,High,1,1
2023-08-01,Marsabit,0.7404272716369349,High,1,1
2023-08-01,Meru,0.7246735899065706,High,1,1
2023-08-01,Tharaka Nithi,0.7031263969606611,High,1,1
2023-09-01,Lamu,0.9112644226868462,High,1,1
2023-09-01,Turkana,0.8833043728146585,High,1,1
2023-09-01,Garissa,0.8653803474760433,High,1,1
2023-09-01,Tana River,0.8541688835621809,High,1,1
2023-09-01,Samburu,0.8477535329998284,High,1,1
2023-09-01,Mandera,0.8126044181290284,High,1,1
2023-09-01,Wajir,0.8035559473666626,High,1,1
2023-09-01,Isiolo,0.7572937972227092,High,1,1
2023-09-01,Baringo,0.7452275063586995,High,1,1
2023-09-01,Marsabit,0.7375917864840263,High,1,1
2023-10-01,Mandera,0.9633211737182809,High,1,1
2023-10-01,Turkana,0.9621264597958791,High,1,1
2023-10-01,Garissa,0.9195371849839284,High,1,1
2023-10-01,Wajir,0.9118073524948745,High,1,1
2023-10-01,Samburu,0.9097128502131199,High,1,1
2023-10-01,Lamu,0.8857773899760341,High,1,1
2023-10-01,Tana River,0.8848861781262642,High,1,1
2023-10-01,Marsabit,0.8623056126766082,High,1,1
2023-10-01,Isiolo,0.8521851014965114,High,1,1
2023-10-01,Baringo,0.4195083006418323,Medium,0,0
2023-11-01,Isiolo,0.9811213509214203,High,1,1
2023-11-01,Mandera,0.9788815447784213,High,1,1
2023-11-01,Turkana,0.9730973526623362,High,1,1
2023-11-01,Samburu,0.9575647392665898,High,1,1
2023-11-01,Marsabit,0.9486170210265642,High,1,1
2023-11-01,Garissa,0.9448876412065985,High,1,1
2023-11-01,Tana River,0.935999660755068,High,1,1
2023-11-01,Wajir,0.9334044269683129,High,1,1
2023-11-01,Lamu,0.771763234200702,High,1,1
2023-11-01,Baringo,0.3390856517146302,Low,0,0
2023-12-01,Isiolo,0.9730321386306842,High,1,1
2023-12-01,Wajir,0.9547949924401409,High,1,1
2023-12-01,Garissa,0.9482960241246259,High,1,1
2023-12-01,Samburu,0.9323290078024904,High,1,1
2023-12-01,Tana River,0.929817294608927,High,1,1
2023-12-01,Mandera,0.9251073707797336,High,1,1
2023-12-01,Turkana,0.9084463834951372,High,1,1
2023-12-01,Marsabit,0.883369305086579,High,1,1
2023-12-01,Lamu,0.8388153258589565,High,1,1
2023-12-01,Baringo,0.45025133898754477,Medium,0,0
2024-01-01,Turkana,0.9348105173575414,High,1,1
2024-01-01,Samburu,0.9013850912872541,High,1,1
2024-01-01,Isiolo,0.8873299421332831,High,1,1
2024-01-01,Wajir,0.8532912498097599,High,1,1
2024-01-01,Tana River,0.8466087744090407,High,1,1
2024-01-01,Garissa,0.7891880196136652,High,1,1
2024-01-01,Mandera,0.758036589679908,High,1,1
2024-01-01,Marsabit,0.7323795060931966,High,1,1
2024-01-01,Lamu,0.6861607925939431,Medium,1,1
2024-01-01,Baringo,0.380326199445015,Low,0,0
2024-02-01,Turkana,0.8866852993799279,High,1,1
2024-02-01,Mandera,0.8134293899696253,High,1,1
2024-02-01,Wajir,0.8029947834196333,High,1,1
2024-02-01,Garissa,0.7489411247984253,High,1,1
2024-02-01,Tana River,0.7382579671688818,High,1,1
2024-02-01,Samburu,0.7033815818367727,High,1,1
2024-02-01,Isiolo,0.6978404361897362,Medium,1,1
2024-02-01,Marsabit,0.6746880623230902,Medium,1,1
2024-02-01,Lamu,0.6458281555891042,Medium,1,1
2024-02-01,West Pokot,0.28877573910230536,Low,0,0
2024-03-01,Turkana,0.8950776868356972,High,1,1
2024-03-01,Garissa,0.8097071208231711,High,1,1
2024-03-01,Lamu,0.795945810341623,High,1,1
2024-03-01,Isiolo,0.7768178936961285,High,1,1
2024-03-01,Tana River,0.7474142961240398,High,1,1
2024-03-01,Wajir,0.739162230002596,High,1,1
2024-03-01,Samburu,0.7384484098963502,High,1,1
2024-03-01,Mandera,0.7133724062796222,High,1,1
2024-03-01,Marsabit,0.6711619354232492,Medium,1,1
2024-03-01,West Pokot,0.29665337467121494,Low,0,0
2024-04-01,Turkana,0.8806730446521405,High,1,1
2024-04-01,Isiolo,0.8110764543887605,High,1,1
2024-04-01,Mandera,0.8052746049626864,High,1,1
2024-04-01,Garissa,0.8009478857372505,High,1,1
2024-04-01,Lamu,0.7780439393872424,High,1,1
2024-04-01,Samburu,0.7737960061770736,High,1,1
2024-04-01,Marsabit,0.7569236085278187,High,1,1
2024-04-01,Wajir,0.7220598319212803,High,1,1
2024-04-01,Tana River,0.7209160332846254,High,1,1
2024-04-01,Baringo,0.29402682510615097,Low,0,0
2024-05-01,Turkana,0.9323353368580001,High,1,1
2024-05-01,Isiolo,0.8987599510833251,High,1,1
2024-05-01,Mandera,0.8869139673594,High,1,1
2024-05-01,Lamu,0.8562549540245324,High,1,1
2024-05-01,Marsabit,0.839194326917765,High,1,1
2024-05-01,Wajir,0.8308232535313739,High,1,1
2024-05-01,Garissa,0.8088935496163675,High,1,1
2024-05-01,Samburu,0.8069839939313962,High,1,1
2024-05-01,Tana River,0.7349422201402028,High,1,1
2024-05-01,West Pokot,0.24037026396800562,Low,0,0
2024-06-01,Tana River,0.7304578721590874,High,1,1
2024-06-01,Isiolo,0.6489687787077133,Medium,1,0
2024-06-01,Wajir,0.6301428105966466,Medium,1,0
2024-06-01,Mandera,0.525865120244613,Medium,1,0
2024-06-01,Marsabit,0.5014032008230028,Medium,1,0
2024-06-01,Turkana,0.4655902798171257,Medium,0,0
2024-06-01,Samburu,0.4401591749715489,Medium,0,0
2024-06-01,Garissa,0.3384626741978886,Low,0,0
2024-06-01,Lamu,0.24401824380644244,Low,0,0
2024-06-01,West Pokot,0.20056725050997248,Low,0,0
2024-07-01,Tana River,0.8860568367174484,High,1,1
2024-07-01,Wajir,0.6144818954327572,Medium,1,0
2024-07-01,Mandera,0.5171516724812322,Medium,1,0
2024-07-01,Samburu,0.49138733474036506,Medium,0,0
2024-07-01,Turkana,0.4807469664267681,Medium,0,0
2024-07-01,Isiolo,0.47661337150692695,Medium,0,0
2024-07-01,Garissa,0.4138775707254308,Medium,0,0
2024-07-01,Marsabit,0.3653726899778157,Low,0,0
2024-07-01,Lamu,0.23893767584659056,Low,0,0
2024-07-01,Mombasa,0.2054262027522034,Low,0,0
2024-08-01,Tana River,0.9033498063477959,High,1,1
2024-08-01,Garissa,0.538185223500619,Medium,1,0
2024-08-01,Wajir,0.46926724156430694,Medium,0,0
2024-08-01,Turkana,0.4642578725478563,Medium,0,0
2024-08-01,Samburu,0.46025579468032674,Medium,0,0
2024-08-01,Mandera,0.4429180571195988,Medium,0,0
2024-08-01,Isiolo,0.36946553931912157,Low,0,0
2024-08-01,Marsabit,0.3493219740127511,Low,0,0
2024-08-01,Lamu,0.3296548366514379,Low,0,0
2024-08-01,Taita Taveta,0.19753267487700998,Low,0,0
2024-09-01,Tana River,0.9522937673743607,High,1,1
2024-09-01,Wajir,0.5215899211865421,Medium,1,0
2024-09-01,Turkana,0.48063859327738057,Medium,0,0
2024-09-01,Garissa,0.4451817243526983,Medium,0,0
2024-09-01,Isiolo,0.4387953774468596,Medium,0,0
2024-09-01,Mandera,0.41618577835632536,Medium,0,0
2024-09-01,Marsabit,0.41211051387707665,Medium,0,0
2024-09-01,Samburu,0.40042484138171647,Medium,0,0
2024-09-01,Lamu,0.38408609380893155,Low,0,0
2024-09-01,Mombasa,0.2053075837007983,Low,0,0
2024-10-01,Tana River,0.9438845940393884,High,1,1
2024-10-01,Wajir,0.8112659157879147,High,1,0
2024-10-01,Garissa,0.7976605186152402,High,1,0
2024-10-01,Isiolo,0.7564096520545778,High,1,0
2024-10-01,Turkana,0.6657428189517727,Medium,1,1
2024-10-01,Marsabit,0.657148513859016,Medium,1,1
2024-10-01,Lamu,0.6387909566538438,Medium,1,0
2024-10-01,Mandera,0.6329276505168995,Medium,1,0
2024-10-01,Samburu,0.5472469087143075,Medium,1,0
2024-10-01,Mombasa,0.31867146490278836,Low,0,0
2024-11-01,Isiolo,0.969041934353616,High,1,0
2024-11-01,Tana River,0.9111148572399189,High,1,1
2024-11-01,Garissa,0.7870056943185976,High,1,0
2024-11-01,Wajir,0.786458216696932,High,1,0
2024-11-01,Lamu,0.7307716382050805,High,1,0
2024-11-01,Marsabit,0.721374399861711,High,1,1
2024-11-01,Samburu,0.6944104614815326,Medium,1,0
2024-11-01,Mandera,0.6784050695157622,Medium,1,0
2024-11-01,Turkana,0.6135188652978394,Medium,1,1
2024-11-01,Baringo,0.30321934702704284,Low,0,0
2024-12-01,Isiolo,0.8981255881595166,High,1,0
2024-12-01,Wajir,0.8139932140598327,High,1,0
2024-12-01,Tana River,0.8113456821814836,High,1,1
2024-12-01,Garissa,0.7920841990194621,High,1,0
2024-12-01,Samburu,0.7460120316749322,High,1,0
2024-12-01,Marsabit,0.7445430818796933,High,1,1
2024-12-01,Turkana,0.7218922299268296,High,1,1
2024-12-01,Lamu,0.7006648972864921,High,1,0
2024-12-01,Mandera,0.6109013140640661,Medium,1,0
2024-12-01,Baringo,0.4805744624894641,Medium,0,0
2025-01-01,Isiolo,0.89518773468172,High,1,0
2025-01-01,Wajir,0.8882149391409808,High,1,0
2025-01-01,Mandera,0.8043536686008007,High,1,0
2025-01-01,Marsabit,0.775313443252645,High,1,1
2025-01-01,Garissa,0.7490780224250713,High,1,0
2025-01-01,Tana River,0.7385214324701534,High,1,1
2025-01-01,Samburu,0.6623889852243107,Medium,1,0
2025-01-01,Lamu,0.6607229223844686,Medium,1,0
2025-01-01,Turkana,0.6432125354006776,Medium,1,1
2025-01-01,Baringo,0.4682038688148193,Medium,0,0
2025-02-01,Isiolo,0.9266828720583858,High,1,0
2025-02-01,Mandera,0.8306065727903715,High,1,0
2025-02-01,Samburu,0.8112183581655252,High,1,0
2025-02-01,Wajir,0.80840733033887,High,1,0
2025-02-01,Marsabit,0.7184164691270892,High,1,1
2025-02-01,Tana River,0.6127108582085462,Medium,1,1
2025-02-01,Turkana,0.6106128282315854,Medium,1,1
2025-02-01,Baringo,0.545991608834612,Medium,1,0
2025-02-01,Garissa,0.5233634833989662,Medium,1,0
2025-02-01,Lamu,0.472280391499865,Medium,0,0
2025-03-01,Isiolo,0.950570057223542,High,1,0
2025-03-01,Mandera,0.9266827393062121,High,1,0
2025-03-01,Wajir,0.8504800682832655,High,1,0
2025-03-01,Marsabit,0.7769864777806866,High,1,1
2025-03-01,Samburu,0.7300446900823058,High,1,0
2025-03-01,Turkana,0.6886952680771947,Medium,1,1
2025-03-01,Tana River,0.6749489962952235,Medium,1,1
2025-03-01,Garissa,0.6713931490909409,Medium,1,0
2025-03-01,Lamu,0.5779666729692688,Medium,1,0
2025-03-01,Baringo,0.540444953490064,Medium,1,0
2025-04-01,Mandera,0.9398011007111826,High,1,0
2025-04-01,Wajir,0.922686160413595,High,1,0
2025-04-01,Isiolo,0.9177786556058968,High,1,0
2025-04-01,Marsabit,0.8403491789973137,High,1,1
2025-04-01,Samburu,0.8168149543218226,High,1,0
2025-04-01,Turkana,0.7693970912058531,High,1,1
2025-04-01,Garissa,0.7631762941576054,High,1,0
2025-04-01,Tana River,0.6839384583525502,Medium,1,1
2025-04-01,Lamu,0.6568464110687061,Medium,1,0
2025-04-01,Baringo,0.33607184178526034,Low,0,0
2025-05-01,Isiolo,0.984214528112476,High,1,0
2025-05-01,Mandera,0.9050417209584991,High,1,0
2025-05-01,Turkana,0.8459171248178298,High,1,1
2025-05-01,Wajir,0.8292620331344172,High,1,0
2025-05-01,Samburu,0.7667937799733324,High,1,0
2025-05-01,Tana River,0.7660989881239613,High,1,1
2025-05-01,Garissa,0.7560119485957739,High,1,0
2025-05-01,Marsabit,0.744523898642137,High,1,1
2025-05-01,Lamu,0.6520926461308316,Medium,1,0
2025-05-01,Baringo,0.2946970820522439,Low,0,0
2025-06-01,Turkana,0.8074465493778896,High,1,1
2025-06-01,Mandera,0.7900958269880808,High,1,0
2025-06-01,Garissa,0.7474768170564168,High,1,0
2025-06-01,Lamu,0.7208842577842322,High,1,0
2025-06-01,Isiolo,0.7189706305113167,High,1,0
2025-06-01,Tana River,0.6925062772094971,Medium,1,1
2025-06-01,Wajir,0.6469846415532166,Medium,1,0
2025-06-01,Samburu,0.64151471012222,Medium,1,0
2025-06-01,Marsabit,0.6011981713052327,Medium,1,1
2025-06-01,Laikipia,0.22776289764319732,Low,0,0
2025-07-01,Turkana,0.7802979955073226,High,1,1
2025-07-01,Tana River,0.7294434770820224,High,1,1
2025-07-01,Mandera,0.6755253907310116,Medium,1,0
2025-07-01,Lamu,0.6738355559697438,Medium,1,0
2025-07-01,Wajir,0.6110205171728108,Medium,1,0
2025-07-01,Marsabit,0.6050641546128046,Medium,1,1
2025-07-01,Isiolo,0.6022794628882544,Medium,1,0
2025-07-01,Garissa,0.6015806589004639,Medium,1,0
2025-07-01,Samburu,0.5879797306762119,Medium,1,0
2025-07-01,Kajiado,0.38024000730019414,Low,0,0
2025-08-01,Tana River,0.7933147930429618,High,1,1
2025-08-01,Garissa,0.7043298477441305,High,1,0
2025-08-01,Samburu,0.6903615118259684,Medium,1,0
2025-08-01,Turkana,0.6755084133959879,Medium,1,1
2025-08-01,Mandera,0.6648790472404216,Medium,1,0
2025-08-01,Lamu,0.6636174069272974,Medium,1,0
2025-08-01,Marsabit,0.5845267295780379,Medium,1,1
2025-08-01,Wajir,0.5721466240919671,Medium,1,0
2025-08-01,Isiolo,0.5678192710149689,Medium,1,0
2025-08-01,Kitui,0.36912756698613974,Low,0,0
2025-09-01,Tana River,0.8993608357148744,High,1,1
2025-09-01,Turkana,0.7871043191687425,High,1,1
2025-09-01,Marsabit,0.734972994529806,High,1,1
2025-09-01,Samburu,0.7347851804708958,High,1,0
2025-09-01,Wajir,0.7258834762681157,High,1,0
2025-09-01,Mandera,0.7042490828389334,High,1,0
2025-09-01,Garissa,0.6932128345764277,Medium,1,0
2025-09-01,Isiolo,0.6737759982876783,Medium,1,0
2025-09-01,Lamu,0.60443945305081,Medium,1,0
2025-09-01,Kitui,0.4094545943853366,Medium,0,0
2025-10-01,Marsabit,0.9504647392201959,High,1,1
2025-10-01,Tana River,0.9349971197672805,High,1,1
2025-10-01,Turkana,0.905592807399191,High,1,1
2025-10-01,Samburu,0.8284878233794594,High,1,0
2025-10-01,Mandera,0.8091360445671003,High,1,1
2025-10-01,Isiolo,0.7852817728687274,High,1,0
2025-10-01,Wajir,0.7739072729310352,High,1,0
2025-10-01,Garissa,0.7454019883958387,High,1,0
2025-10-01,Lamu,0.577901930839534,Medium,1,0
2025-10-01,Kajiado,0.3757442760635014,Low,0,0
