,County,Month,IPC,in_Phase3+
0,Baringo,2011-01,1.5,0
1,Baringo,2011-04,1.5,0
2,Baringo,2011-07,1.7391304347826086,1
3,Baringo,2011-10,1.826086956521739,1
4,Baringo,2012-01,1.7391304347826086,0
5,Baringo,2012-04,1.826086956521739,1
6,Baringo,2012-07,1.7391304347826086,0
7,Baringo,2012-10,1.7391304347826086,0
8,Baringo,2013-01,1.7391304347826086,0
9,Baringo,2013-04,1.7391304347826086,0
10,Baringo,2013-07,1.7391304347826086,0
11,Baringo,2013-10,1.7391304347826086,0
12,Baringo,2014-01,1.7391304347826086,0
13,Baringo,2014-04,1.7391304347826086,0
14,Baringo,2014-07,1.565217391304348,0
15,Baringo,2014-10,1.4782608695652173,0
16,Baringo,2015-01,1.2173913043478262,0
17,Baringo,2015-04,1.1304347826086956,0
18,Baringo,2015-07,1.173913043478261,0
19,Baringo,2015-10,1.1304347826086956,0
20,Baringo,2016-02,1.0869565217391304,0
21,Baringo,2016-06,1.2,0
22,Baringo,2016-10,1.2,0
23,Baringo,2017-02,2.2,1
24,Baringo,2017-06,2.1,1
25,Baringo,2017-10,1.3,0
26,Baringo,2018-02,1.2,0
27,Baringo,2018-06,1.0,0
28,Baringo,2018-12,1.1,0
29,Baringo,2019-02,1.2,0
30,Baringo,2019-06,1.7,1
31,Baringo,2019-10,1.4,1
32,Baringo,2020-02,1.3,0
33,Baringo,2020-06,1.2,0
34,Baringo,2020-10,1.2,0
35,Baringo,2021-02,1.3,0
36,Baringo,2021-06,1.5,0
37,Baringo,2021-10,1.7,1
38,Baringo,2022-02,2.1,1
39,Baringo,2022-06,2.1,1
40,Baringo,2022-10,2.1,1
41,Baringo,2023-02,1.8,1
42,Baringo,2023-06,1.8,1
43,Baringo,2023-10,1.6,0
44,Baringo,2024-02,1.6,0
45,Baringo,2024-06,1.6,0
46,Baringo,2024-10,1.6,0
47,Baringo,2025-10,2.0,0
48,Bomet,2011-01,1.0,0
49,Bomet,2011-04,1.0,0
50,Bomet,2011-07,1.0,0
51,Bomet,2011-10,1.0,0
52,Bomet,2012-01,1.0,0
53,Bomet,2012-04,1.0,0
54,Bomet,2012-07,1.0,0
55,Bomet,2012-10,1.0,0
56,Bomet,2013-01,1.0,0
57,Bomet,2013-04,1.0,0
58,Bomet,2013-07,1.0,0
59,Bomet,2013-10,1.0,0
60,Bomet,2014-01,1.0,0
61,Bomet,2014-04,1.0,0
62,Bomet,2014-07,1.0,0
63,Bomet,2014-10,1.0,0
64,Bomet,2015-01,1.0,0
65,Bomet,2015-04,1.0,0
66,Bomet,2015-07,1.0,0
67,Bomet,2015-10,1.0,0
68,Bomet,2016-02,1.0,0
69,Bomet,2016-06,1.0,0
70,Bomet,2016-10,1.0,0
71,Bomet,2017-02,1.0,0
72,Bomet,2017-06,1.0,0
73,Bomet,2017-10,1.0,0
74,Bomet,2018-02,1.0,0
75,Bomet,2018-06,1.0,0
76,Bomet,2018-12,1.0,0
77,Bomet,2019-02,1.0,0
78,Bomet,2019-06,1.0,0
79,Bomet,2019-10,1.0,0
80,Bomet,2020-02,1.0,0
81,Bomet,2020-06,1.0,0
82,Bomet,2020-10,1.0,0
83,Bomet,2021-02,1.0,0
84,Bomet,2021-06,1.0,0
85,Bomet,2021-10,1.0,0
86,Bomet,2022-02,1.0,0
87,Bomet,2022-06,1.0,0
88,Bomet,2022-10,1.0,0
89,Bomet,2023-02,1.0,0
90,Bomet,2023-06,1.0,0
91,Bomet,2023-10,1.0,0
92,Bomet,2024-02,1.0,0
93,Bomet,2024-06,1.0,0
94,Bomet,2024-10,1.0,0
95,Bomet,2025-10,1.0,0
96,Bungoma,2011-07,1.0,0
97,Bungoma,2011-10,1.0,0
98,Bungoma,2012-01,1.0,0
99,Bungoma,2012-04,1.0,0
100,Bungoma,2012-07,1.0,0
101,Bungoma,2012-10,1.0,0
102,Bungoma,2013-01,1.0,0
103,Bungoma,2013-04,1.0,0
104,Bungoma,2013-07,1.0,0
105,Bungoma,2013-10,1.0,0
106,Bungoma,2014-01,1.0,0
107,Bungoma,2014-04,1.0,0
108,Bungoma,2014-07,1.0,0
109,Bungoma,2014-10,1.0,0
110,Bungoma,2015-01,1.0,0
111,Bungoma,2015-04,1.0,0
112,Bungoma,2015-07,1.0,0
113,Bungoma,2015-10,1.0,0
114,Bungoma,2016-02,1.0,0
115,Bungoma,2016-06,1.0,0
116,Bungoma,2016-10,1.0,0
117,Bungoma,2017-02,1.0,0
118,Bungoma,2017-06,1.0,0
119,Bungoma,2017-10,1.0,0
120,Bungoma,2018-02,1.0,0
121,Bungoma,2018-06,1.0,0
122,Bungoma,2018-12,1.0,0
123,Bungoma,2019-02,1.0,0
124,Bungoma,2019-06,1.0,0
125,Bungoma,2019-10,1.0,0
126,Bungoma,2020-02,1.0,0
127,Bungoma,2020-06,1.0,0
128,Bungoma,2020-10,1.0,0
129,Bungoma,2021-02,1.0,0
130,Bungoma,2021-06,1.0,0
131,Bungoma,2021-10,1.0,0
132,Bungoma,2022-02,1.0,0
133,Bungoma,2022-06,1.0,0
134,Bungoma,2022-10,1.0,0
135,Bungoma,2023-02,1.0,0
136,Bungoma,2023-06,1.0,0
137,Bungoma,2023-10,1.0,0
138,Bungoma,2024-02,1.0,0
139,Bungoma,2024-06,1.0,0
140,Bungoma,2024-10,1.0,0
141,Bungoma,2025-10,1.0,0
142,Busia,2011-07,1.0,0
143,Busia,2011-10,1.0,0
144,Busia,2012-01,1.0,0
145,Busia,2012-04,1.0,0
146,Busia,2012-07,1.0,0
147,Busia,2012-10,1.0,0
148,Busia,2013-01,1.0,0
149,Busia,2013-04,1.0,0
150,Busia,2013-07,1.0,0
151,Busia,2013-10,1.0,0
152,Busia,2014-01,1.0,0
153,Busia,2014-04,1.0,0
154,Busia,2014-07,1.0,0
155,Busia,2014-10,1.0,0
156,Busia,2015-01,1.0,0
157,Busia,2015-04,1.0,0
158,Busia,2015-07,1.0,0
159,Busia,2015-10,1.0,0
160,Busia,2016-02,1.0,0
161,Busia,2016-06,1.0,0
162,Busia,2016-10,1.0,0
163,Busia,2017-02,1.0,0
164,Busia,2017-06,1.0,0
165,Busia,2017-10,1.0,0
166,Busia,2018-02,1.0,0
167,Busia,2018-06,1.0,0
168,Busia,2018-12,1.0,0
169,Busia,2019-02,1.0,0
170,Busia,2019-06,1.0,0
171,Busia,2019-10,1.0,0
172,Busia,2020-02,1.0,0
173,Busia,2020-06,1.0,0
174,Busia,2020-10,1.0,0
175,Busia,2021-02,1.0,0
176,Busia,2021-06,1.0,0
177,Busia,2021-10,1.0,0
178,Busia,2022-02,1.0,0
179,Busia,2022-06,1.0,0
180,Busia,2022-10,1.0,0
181,Busia,2023-02,1.0,0
182,Busia,2023-06,1.0,0
183,Busia,2023-10,1.0,0
184,Busia,2024-02,1.0,0
185,Busia,2024-06,1.0,0
186,Busia,2024-10,1.0,0
187,Busia,2025-10,1.0,0
188,Elgeyo Marakwet,2016-06,1.0,0
189,Elgeyo Marakwet,2016-10,1.0,0
190,Elgeyo Marakwet,2017-02,1.0,0
191,Elgeyo Marakwet,2017-06,1.0,0
192,Elgeyo Marakwet,2017-10,1.0,0
193,Elgeyo Marakwet,2018-02,1.0,0
194,Elgeyo Marakwet,2018-06,1.0,0
195,Elgeyo Marakwet,2018-12,1.0,0
196,Elgeyo Marakwet,2019-02,1.0,0
197,Elgeyo Marakwet,2019-06,1.0,0
198,Elgeyo Marakwet,2019-10,1.0,0
199,Elgeyo Marakwet,2020-02,1.0,0
200,Elgeyo Marakwet,2020-06,1.0,0
201,Elgeyo Marakwet,2020-10,1.0,0
202,Elgeyo Marakwet,2021-02,1.0,0
203,Elgeyo Marakwet,2021-06,1.0,0
204,Elgeyo Marakwet,2021-10,1.0,0
205,Elgeyo Marakwet,2022-02,1.0,0
206,Elgeyo Marakwet,2022-06,1.0,0
207,Elgeyo Marakwet,2022-10,1.0,0
208,Elgeyo Marakwet,2023-02,1.0,0
209,Elgeyo Marakwet,2023-06,1.0,0
210,Elgeyo Marakwet,2023-10,1.0,0
211,Elgeyo Marakwet,2024-02,1.0,0
212,Elgeyo Marakwet,2024-06,1.0,0
213,Elgeyo Marakwet,2024-10,1.0,0
214,Elgeyo Marakwet,2025-10,1.0,0
215,Elgeyo-Marakwet,2011-01,2.0,0
216,Elgeyo-Marakwet,2011-04,2.0,0
217,Elgeyo-Marakwet,2011-07,1.0,0
218,Elgeyo-Marakwet,2011-10,1.0,0
219,Elgeyo-Marakwet,2012-01,1.0,0
220,Elgeyo-Marakwet,2012-04,1.0,0
221,Elgeyo-Marakwet,2012-07,1.0,0
222,Elgeyo-Marakwet,2012-10,1.0,0
223,Elgeyo-Marakwet,2013-01,1.0,0
224,Elgeyo-Marakwet,2013-04,1.0,0
225,Elgeyo-Marakwet,2013-07,1.0,0
226,Elgeyo-Marakwet,2013-10,1.0,0
227,Elgeyo-Marakwet,2014-01,1.0,0
228,Elgeyo-Marakwet,2014-04,1.0,0
229,Elgeyo-Marakwet,2014-07,1.0,0
230,Elgeyo-Marakwet,2014-10,1.0,0
231,Elgeyo-Marakwet,2015-01,1.0,0
232,Elgeyo-Marakwet,2015-04,1.0,0
233,Elgeyo-Marakwet,2015-07,1.0,0
234,Elgeyo-Marakwet,2015-10,1.0,0
235,Elgeyo-Marakwet,2016-02,1.0,0
236,Elgeyo-Marakwet East,2016-06,1.0,0
237,Elgeyo-Marakwet East,2016-10,1.0,0
238,Elgeyo-Marakwet East,2017-02,1.0,0
239,Elgeyo-Marakwet East,2017-06,1.0,0
240,Elgeyo-Marakwet East,2017-10,1.0,0
241,Elgeyo-Marakwet East,2018-02,1.0,0
242,Elgeyo-Marakwet East,2018-06,1.0,0
243,Elgeyo-Marakwet East,2018-12,1.0,0
244,Elgeyo-Marakwet East,2019-02,1.0,0
245,Elgeyo-Marakwet East,2019-06,1.0,0
246,Elgeyo-Marakwet East,2019-10,1.0,0
247,Elgeyo-Marakwet East,2020-02,1.0,0
248,Elgeyo-Marakwet East,2020-06,1.0,0
249,Elgeyo-Marakwet East,2020-10,1.0,0
250,Elgeyo-Marakwet East,2021-02,1.0,0
251,Elgeyo-Marakwet East,2021-06,1.0,0
252,Elgeyo-Marakwet East,2021-10,1.0,0
253,Elgeyo-Marakwet East,2022-02,1.0,0
254,Elgeyo-Marakwet East,2022-06,1.0,0
255,Elgeyo-Marakwet East,2022-10,1.0,0
256,Elgeyo-Marakwet East,2023-02,1.0,0
257,Elgeyo-Marakwet East,2023-06,1.0,0
258,Elgeyo-Marakwet East,2023-10,1.0,0
259,Elgeyo-Marakwet East,2024-02,1.0,0
260,Elgeyo-Marakwet East,2024-06,1.0,0
261,Elgeyo-Marakwet East,2024-10,1.0,0
262,Elgeyo-Marakwet East,2025-10,1.0,0
263,Embu,2011-07,1.4,0
264,Embu,2011-10,1.7,1
265,Embu,2012-01,1.4,0
266,Embu,2012-04,1.0,0
267,Embu,2012-07,1.0,0
268,Embu,2012-10,1.0,0
269,Embu,2013-01,1.0,0
270,Embu,2013-04,1.0,0
271,Embu,2013-07,1.4,0
272,Embu,2013-10,1.4,0
273,Embu,2014-01,1.4,0
274,Embu,2014-04,1.4,0
275,Embu,2014-07,1.1,0
276,Embu,2014-10,1.3,0
277,Embu,2015-01,1.4,0
278,Embu,2015-04,1.4,0
279,Embu,2015-07,1.4,0
280,Embu,2015-10,1.1,0
281,Embu,2016-02,1.0,0
282,Embu,2016-06,1.0,0
283,Embu,2016-10,1.4,0
284,Embu,2017-02,2.0,0
285,Embu,2017-06,2.0,0
286,Embu,2017-10,1.4,0
287,Embu,2018-02,1.4,0
288,Embu,2018-06,1.0,0
289,Embu,2018-12,1.0,0
290,Embu,2019-02,1.0,0
291,Embu,2019-06,1.6,0
292,Embu,2019-10,1.4,0
293,Embu,2020-02,1.0,0
294,Embu,2020-06,1.0,0
295,Embu,2020-10,1.4,0
296,Embu,2021-02,1.4,0
297,Embu,2021-06,1.4,0
298,Embu,2021-10,1.4,0
299,Embu,2022-02,1.4,0
300,Embu,2022-06,1.4,0
301,Embu,2022-10,1.4,0
302,Embu,2023-02,1.4,0
303,Embu,2023-06,1.8,1
304,Embu,2023-10,1.4,0
305,Embu,2024-02,1.4,0
306,Embu,2024-06,1.4,0
307,Embu,2024-10,1.4,0
308,Embu,2025-10,1.6,0
309,Garissa,2011-01,2.0,0
310,Garissa,2011-04,2.0,0
311,Garissa,2011-07,3.0,1
312,Garissa,2011-10,3.2,1
313,Garissa,2012-01,2.4,1
314,Garissa,2012-04,2.0,0
315,Garissa,2012-07,2.0,0
316,Garissa,2012-10,2.8,1
317,Garissa,2013-01,2.0,0
318,Garissa,2013-04,2.0,0
319,Garissa,2013-07,2.0,0
320,Garissa,2013-10,2.0,0
321,Garissa,2014-01,2.0,0
322,Garissa,2014-04,2.0,0
323,Garissa,2014-07,2.0,0
324,Garissa,2014-10,2.066666666666667,1
325,Garissa,2015-01,2.1333333333333333,1
326,Garissa,2015-04,2.1333333333333333,1
327,Garissa,2015-07,2.0,0
328,Garissa,2015-10,1.9333333333333333,0
329,Garissa,2016-02,1.5333333333333334,0
330,Garissa,2016-06,1.9090909090909092,0
331,Garissa,2016-10,2.1515151515151514,1
332,Garissa,2017-02,2.5757575757575757,1
333,Garissa,2017-06,2.606060606060606,1
334,Garissa,2017-10,2.303030303030303,1
335,Garissa,2018-02,2.727272727272727,1
336,Garissa,2018-06,1.1515151515151516,0
337,Garissa,2018-12,1.9696969696969697,0
338,Garissa,2019-02,2.0,0
339,Garissa,2019-06,2.6363636363636362,1
340,Garissa,2019-10,3.0,1
341,Garissa,2020-02,2.0,0
342,Garissa,2020-06,2.0,0
343,Garissa,2020-10,2.0,0
344,Garissa,2021-02,2.0,0
345,Garissa,2021-06,2.3636363636363638,1
346,Garissa,2021-10,3.0,1
347,Garissa,2022-02,3.0,1
348,Garissa,2022-06,3.0,1
349,Garissa,2022-10,3.0,1
350,Garissa,2023-02,3.0,1
351,Garissa,2023-06,3.0,1
352,Garissa,2023-10,3.0,1
353,Garissa,2024-02,3.0,1
354,Garissa,2024-06,2.0,0
355,Garissa,2024-10,2.0,0
356,Garissa,2025-10,2.0,0
357,Homa Bay,2011-07,1.0,0
358,Homa Bay,2011-10,1.0,0
359,Homa Bay,2012-01,1.0,0
360,Homa Bay,2012-04,1.0,0
361,Homa Bay,2012-07,1.0,0
362,Homa Bay,2012-10,1.0,0
363,Homa Bay,2013-01,1.0,0
364,Homa Bay,2013-04,1.0,0
365,Homa Bay,2013-07,1.0,0
366,Homa Bay,2013-10,1.0,0
367,Homa Bay,2014-01,1.0,0
368,Homa Bay,2014-04,1.0,0
369,Homa Bay,2014-07,1.0,0
370,Homa Bay,2014-10,1.0,0
371,Homa Bay,2015-01,1.0,0
372,Homa Bay,2015-04,1.0,0
373,Homa Bay,2015-07,1.0,0
374,Homa Bay,2015-10,1.0,0
375,Homa Bay,2016-02,1.0,0
376,Homa Bay,2016-06,1.0,0
377,Homa Bay,2016-10,1.0,0
378,Homa Bay,2017-02,1.0,0
379,Homa Bay,2017-06,1.0,0
380,Homa Bay,2017-10,1.0,0
381,Homa Bay,2018-02,1.0,0
382,Homa Bay,2018-06,1.0,0
383,Homa Bay,2018-12,1.0,0
384,Homa Bay,2019-02,1.0,0
385,Homa Bay,2019-06,1.0,0
386,Homa Bay,2019-10,1.0,0
387,Homa Bay,2020-02,1.0,0
388,Homa Bay,2020-06,1.0,0
389,Homa Bay,2020-10,1.0,0
390,Homa Bay,2021-02,1.0,0
391,Homa Bay,2021-06,1.0,0
392,Homa Bay,2021-10,1.0,0
393,Homa Bay,2022-02,1.0,0
394,Homa Bay,2022-06,1.0,0
395,Homa Bay,2022-10,1.0,0
396,Homa Bay,2023-02,1.0,0
397,Homa Bay,2023-06,1.0,0
398,Homa Bay,2023-10,1.0,0
399,Homa Bay,2024-02,1.0,0
400,Homa Bay,2024-06,1.0,0
401,Homa Bay,2024-10,1.0,0
402,Homa Bay,2025-10,1.0,0
403,Isiolo,2011-07,3.5,1
404,Isiolo,2011-10,3.1666666666666665,1
405,Isiolo,2012-01,2.3333333333333335,1
406,Isiolo,2012-04,2.0,0
407,Isiolo,2012-07,2.0,0
408,Isiolo,2012-10,2.0,0
409,Isiolo,2013-01,2.0,0
410,Isiolo,2013-04,2.0,0
411,Isiolo,2013-07,2.0,0
412,Isiolo,2013-10,2.0,0
413,Isiolo,2014-01,2.0,0
414,Isiolo,2014-04,2.0,0
415,Isiolo,2014-07,2.0,0
416,Isiolo,2014-10,2.1666666666666665,1
417,Isiolo,2015-01,2.3333333333333335,1
418,Isiolo,2015-04,2.3333333333333335,1
419,Isiolo,2015-07,2.1666666666666665,1
420,Isiolo,2015-10,2.3333333333333335,1
421,Isiolo,2016-02,1.6666666666666667,0
422,Isiolo,2016-06,1.8888888888888888,0
423,Isiolo,2016-10,1.8888888888888888,0
424,Isiolo,2017-02,2.0,0
425,Isiolo,2017-06,2.611111111111111,1
426,Isiolo,2017-10,2.888888888888889,1
427,Isiolo,2018-02,2.5,1
428,Isiolo,2018-06,1.1111111111111112,0
429,Isiolo,2018-12,2.0,0
430,Isiolo,2019-02,2.0,0
431,Isiolo,2019-06,2.111111111111111,1
432,Isiolo,2019-10,3.0,1
433,Isiolo,2020-02,2.0,0
434,Isiolo,2020-06,2.0,0
435,Isiolo,2020-10,2.0,0
436,Isiolo,2021-02,3.0,1
437,Isiolo,2021-06,3.0,1
438,Isiolo,2021-10,3.0,1
439,Isiolo,2022-02,3.0,1
440,Isiolo,2022-06,3.0,1
441,Isiolo,2022-10,3.0,1
442,Isiolo,2023-02,3.0,1
443,Isiolo,2023-06,3.0,1
444,Isiolo,2023-10,3.0,1
445,Isiolo,2024-02,3.0,1
446,Isiolo,2024-06,2.0,0
447,Isiolo,2024-10,2.0,0
448,Isiolo,2025-10,2.0,0
449,Kajiado,2011-01,2.0,0
450,Kajiado,2011-04,2.0,0
451,Kajiado,2011-07,2.1666666666666665,1
452,Kajiado,2011-10,2.5,1
453,Kajiado,2012-01,1.8333333333333333,0
454,Kajiado,2012-04,1.8333333333333333,0
455,Kajiado,2012-07,1.8333333333333333,0
456,Kajiado,2012-10,1.8333333333333333,0
457,Kajiado,2013-01,1.8333333333333333,0
458,Kajiado,2013-04,1.8333333333333333,0
459,Kajiado,2013-07,1.8333333333333333,0
460,Kajiado,2013-10,1.8333333333333333,0
461,Kajiado,2014-01,1.8333333333333333,0
462,Kajiado,2014-04,1.8333333333333333,0
463,Kajiado,2014-07,2.0,0
464,Kajiado,2014-10,1.1666666666666667,0
465,Kajiado,2015-01,1.6666666666666667,0
466,Kajiado,2015-04,1.1666666666666667,0
467,Kajiado,2015-07,1.6666666666666667,0
468,Kajiado,2015-10,1.0,0
469,Kajiado,2016-02,1.0,0
470,Kajiado,2016-06,1.0,0
471,Kajiado,2016-10,1.3333333333333333,0
472,Kajiado,2017-02,2.0,0
473,Kajiado,2017-06,2.0,0
474,Kajiado,2017-10,1.8888888888888888,0
475,Kajiado,2018-02,2.2222222222222223,1
476,Kajiado,2018-06,1.0,0
477,Kajiado,2018-12,1.2222222222222223,0
478,Kajiado,2019-02,1.5555555555555556,0
479,Kajiado,2019-06,1.6666666666666667,0
480,Kajiado,2019-10,2.0,0
481,Kajiado,2020-02,1.8888888888888888,0
482,Kajiado,2020-06,1.8888888888888888,0
483,Kajiado,2020-10,2.0,0
484,Kajiado,2021-02,2.0,0
485,Kajiado,2021-06,2.0,0
486,Kajiado,2021-10,2.0,0
487,Kajiado,2022-02,2.0,0
488,Kajiado,2022-06,2.0,0
489,Kajiado,2022-10,2.0,0
490,Kajiado,2023-02,2.0,0
491,Kajiado,2023-06,2.0,0
492,Kajiado,2023-10,2.0,0
493,Kajiado,2024-02,2.0,0
494,Kajiado,2024-06,2.0,0
495,Kajiado,2024-10,2.0,0
496,Kajiado,2025-10,2.0,0
497,Kakamega,2011-07,1.0,0
498,Kakamega,2011-10,1.0,0
499,Kakamega,2012-01,1.0,0
500,Kakamega,2012-04,1.0,0
501,Kakamega,2012-07,1.0,0
502,Kakamega,2012-10,1.0,0
503,Kakamega,2013-01,1.0,0
504,Kakamega,2013-04,1.0,0
505,Kakamega,2013-07,1.0,0
506,Kakamega,2013-10,1.0,0
507,Kakamega,2014-01,1.0,0
508,Kakamega,2014-04,1.0,0
509,Kakamega,2014-07,1.0,0
510,Kakamega,2014-10,1.0,0
511,Kakamega,2015-01,1.0,0
512,Kakamega,2015-04,1.0,0
513,Kakamega,2015-07,1.0,0
514,Kakamega,2015-10,1.0,0
515,Kakamega,2016-02,1.0,0
516,Kakamega,2016-06,1.0,0
517,Kakamega,2016-10,1.0,0
518,Kakamega,2017-02,1.0,0
519,Kakamega,2017-06,1.0,0
520,Kakamega,2017-10,1.0,0
521,Kakamega,2018-02,1.0,0
522,Kakamega,2018-06,1.0,0
523,Kakamega,2018-12,1.0,0
524,Kakamega,2019-02,1.0,0
525,Kakamega,2019-06,1.0,0
526,Kakamega,2019-10,1.0,0
527,Kakamega,2020-02,1.0,0
528,Kakamega,2020-06,1.0,0
529,Kakamega,2020-10,1.0,0
530,Kakamega,2021-02,1.0,0
531,Kakamega,2021-06,1.0,0
532,Kakamega,2021-10,1.0,0
533,Kakamega,2022-02,1.0,0
534,Kakamega,2022-06,1.0,0
535,Kakamega,2022-10,1.0,0
536,Kakamega,2023-02,1.0,0
537,Kakamega,2023-06,1.0,0
538,Kakamega,2023-10,1.0,0
539,Kakamega,2024-02,1.0,0
540,Kakamega,2024-06,1.0,0
541,Kakamega,2024-10,1.0,0
542,Kakamega,2025-10,1.0,0
543,Kapenguria,2016-06,1.0,0
544,Kapenguria,2016-10,1.0,0
545,Kapenguria,2017-02,1.0,0
546,Kapenguria,2017-06,2.0,0
547,Kapenguria,2017-10,1.0,0
548,Kapenguria,2018-02,2.0,0
549,Kapenguria,2018-06,1.0,0
550,Kapenguria,2018-12,1.0,0
551,Kapenguria,2019-02,2.0,0
552,Kapenguria,2019-06,1.0,0
553,Kapenguria,2019-10,2.0,0
554,Kapenguria,2020-02,1.0,0
555,Kapenguria,2020-06,1.0,0
556,Kapenguria,2020-10,1.0,0
557,Kapenguria,2021-02,1.0,0
558,Kapenguria,2021-06,2.0,0
559,Kapenguria,2021-10,2.0,0
560,Kapenguria,2022-02,2.0,0
561,Kapenguria,2022-06,2.0,0
562,Kapenguria,2022-10,2.0,0
563,Kapenguria,2023-02,2.0,0
564,Kapenguria,2023-06,2.0,0
565,Kapenguria,2023-10,2.0,0
566,Kapenguria,2024-02,1.0,0
567,Kapenguria,2024-06,1.0,0
568,Kapenguria,2024-10,1.0,0
569,Kapenguria,2025-10,2.0,0
570,Kericho,2011-01,1.0,0
571,Kericho,2011-04,1.0,0
572,Kericho,2011-07,1.0,0
573,Kericho,2011-10,1.0,0
574,Kericho,2012-01,1.0,0
575,Kericho,2012-04,1.0,0
576,Kericho,2012-07,1.0,0
577,Kericho,2012-10,1.0,0
578,Kericho,2013-01,1.0,0
579,Kericho,2013-04,1.0,0
580,Kericho,2013-07,1.0,0
581,Kericho,2013-10,1.0,0
582,Kericho,2014-01,1.0,0
583,Kericho,2014-04,1.0,0
584,Kericho,2014-07,1.0,0
585,Kericho,2014-10,1.0,0
586,Kericho,2015-01,1.0,0
587,Kericho,2015-04,1.0,0
588,Kericho,2015-07,1.0,0
589,Kericho,2015-10,1.0,0
590,Kericho,2016-02,1.0,0
591,Kericho,2016-06,1.0,0
592,Kericho,2016-10,1.0,0
593,Kericho,2017-02,1.0,0
594,Kericho,2017-06,1.1666666666666667,0
595,Kericho,2017-10,1.0,0
596,Kericho,2018-02,1.0,0
597,Kericho,2018-06,1.0,0
598,Kericho,2018-12,1.0,0
599,Kericho,2019-02,1.0,0
600,Kericho,2019-06,1.0,0
601,Kericho,2019-10,1.0,0
602,Kericho,2020-02,1.0,0
603,Kericho,2020-06,1.0,0
604,Kericho,2020-10,1.0,0
605,Kericho,2021-02,1.0,0
606,Kericho,2021-06,1.0,0
607,Kericho,2021-10,1.0,0
608,Kericho,2022-02,1.0,0
609,Kericho,2022-06,1.0,0
610,Kericho,2022-10,1.0,0
611,Kericho,2023-02,1.0,0
612,Kericho,2023-06,1.0,0
613,Kericho,2023-10,1.0,0
614,Kericho,2024-02,1.0,0
615,Kericho,2024-06,1.0,0
616,Kericho,2024-10,1.0,0
617,Kericho,2025-10,1.0,0
618,Kiambu,2011-07,1.0,0
619,Kiambu,2011-10,1.2727272727272727,0
620,Kiambu,2012-01,1.2727272727272727,0
621,Kiambu,2012-04,1.1818181818181819,0
622,Kiambu,2012-07,1.0,0
623,Kiambu,2012-10,1.0,0
624,Kiambu,2013-01,1.0,0
625,Kiambu,2013-04,1.0,0
626,Kiambu,2013-07,1.0,0
627,Kiambu,2013-10,1.0,0
628,Kiambu,2014-01,1.0,0
629,Kiambu,2014-04,1.0,0
630,Kiambu,2014-07,1.0,0
631,Kiambu,2014-10,1.0,0
632,Kiambu,2015-01,1.0,0
633,Kiambu,2015-04,1.0,0
634,Kiambu,2015-07,1.0,0
635,Kiambu,2015-10,1.0,0
636,Kiambu,2016-02,1.0,0
637,Kiambu,2016-06,1.0,0
638,Kiambu,2016-10,1.0,0
639,Kiambu,2017-02,1.0,0
640,Kiambu,2017-06,1.0,0
641,Kiambu,2017-10,1.0,0
642,Kiambu,2018-02,1.0,0
643,Kiambu,2018-06,1.0,0
644,Kiambu,2018-12,1.0,0
645,Kiambu,2019-02,1.0,0
646,Kiambu,2019-06,1.0,0
647,Kiambu,2019-10,1.0,0
648,Kiambu,2020-02,1.0,0
649,Kiambu,2020-06,1.0,0
650,Kiambu,2020-10,1.0,0
651,Kiambu,2021-02,1.0,0
652,Kiambu,2021-06,1.0,0
653,Kiambu,2021-10,1.0,0
654,Kiambu,2022-02,1.0,0
655,Kiambu,2022-06,1.0,0
656,Kiambu,2022-10,1.0,0
657,Kiambu,2023-02,1.0,0
658,Kiambu,2023-06,1.0,0
659,Kiambu,2023-10,1.0,0
660,Kiambu,2024-02,1.0,0
661,Kiambu,2024-06,1.0,0
662,Kiambu,2024-10,1.0,0
663,Kiambu,2025-10,1.0,0
664,Kilifi,2011-07,1.6363636363636365,0
665,Kilifi,2011-10,2.090909090909091,1
666,Kilifi,2012-01,1.7272727272727273,0
667,Kilifi,2012-04,1.7272727272727273,0
668,Kilifi,2012-07,1.7272727272727273,0
669,Kilifi,2012-10,1.8181818181818181,1
670,Kilifi,2013-01,1.8181818181818181,0
671,Kilifi,2013-04,1.8181818181818181,0
672,Kilifi,2013-07,2.0,0
673,Kilifi,2013-10,2.0,0
674,Kilifi,2014-01,2.0,0
675,Kilifi,2014-04,2.0,0
676,Kilifi,2014-07,1.7272727272727273,0
677,Kilifi,2014-10,1.4545454545454546,0
678,Kilifi,2015-01,1.3636363636363635,0
679,Kilifi,2015-04,1.2727272727272727,0
680,Kilifi,2015-07,1.3636363636363635,0
681,Kilifi,2015-10,1.1818181818181819,0
682,Kilifi,2016-02,1.0,0
683,Kilifi,2016-06,1.0,0
684,Kilifi,2016-10,1.4166666666666667,0
685,Kilifi,2017-02,2.0833333333333335,1
686,Kilifi,2017-06,2.25,1
687,Kilifi,2017-10,1.3333333333333333,0
688,Kilifi,2018-02,1.4166666666666667,0
689,Kilifi,2018-06,1.0,0
690,Kilifi,2018-12,1.0,0
691,Kilifi,2019-02,1.25,0
692,Kilifi,2019-06,2.0,0
693,Kilifi,2019-10,2.0,0
694,Kilifi,2020-02,2.0,0
695,Kilifi,2020-06,2.0,0
696,Kilifi,2020-10,2.0,0
697,Kilifi,2021-02,1.5833333333333333,0
698,Kilifi,2021-06,1.5833333333333333,0
699,Kilifi,2021-10,2.0,0
700,Kilifi,2022-02,2.0,0
701,Kilifi,2022-06,2.0,0
702,Kilifi,2022-10,2.0,0
703,Kilifi,2023-02,2.0,0
704,Kilifi,2023-06,2.0,0
705,Kilifi,2023-10,2.0,0
706,Kilifi,2024-02,2.0,0
707,Kilifi,2024-06,2.0,0
708,Kilifi,2024-10,2.0,0
709,Kilifi,2025-10,2.0,0
710,Kirinyaga,2011-07,1.0,0
711,Kirinyaga,2011-10,1.0,0
712,Kirinyaga,2012-01,1.0,0
713,Kirinyaga,2012-04,1.0,0
714,Kirinyaga,2012-07,1.0,0
715,Kirinyaga,2012-10,1.0,0
716,Kirinyaga,2013-01,1.0,0
717,Kirinyaga,2013-04,1.0,0
718,Kirinyaga,2013-07,1.0,0
719,Kirinyaga,2013-10,1.0,0
720,Kirinyaga,2014-01,1.0,0
721,Kirinyaga,2014-04,1.0,0
722,Kirinyaga,2014-07,1.0,0
723,Kirinyaga,2014-10,1.0,0
724,Kirinyaga,2015-01,1.0,0
725,Kirinyaga,2015-04,1.0,0
726,Kirinyaga,2015-07,1.0,0
727,Kirinyaga,2015-10,1.0,0
728,Kirinyaga,2016-02,1.0,0
729,Kirinyaga,2016-06,1.0,0
730,Kirinyaga,2016-10,1.0,0
731,Kirinyaga,2017-02,1.0,0
732,Kirinyaga,2017-06,1.0,0
733,Kirinyaga,2017-10,1.0,0
734,Kirinyaga,2018-02,1.0,0
735,Kirinyaga,2018-06,1.0,0
736,Kirinyaga,2018-12,1.0,0
737,Kirinyaga,2019-02,1.0,0
738,Kirinyaga,2019-06,1.0,0
739,Kirinyaga,2019-10,1.0,0
740,Kirinyaga,2020-02,1.0,0
741,Kirinyaga,2020-06,1.0,0
742,Kirinyaga,2020-10,1.0,0
743,Kirinyaga,2021-02,1.0,0
744,Kirinyaga,2021-06,1.0,0
745,Kirinyaga,2021-10,1.0,0
746,Kirinyaga,2022-02,1.0,0
747,Kirinyaga,2022-06,1.0,0
748,Kirinyaga,2022-10,1.0,0
749,Kirinyaga,2023-02,1.0,0
750,Kirinyaga,2023-06,1.0,0
751,Kirinyaga,2023-10,1.0,0
752,Kirinyaga,2024-02,1.0,0
753,Kirinyaga,2024-06,1.0,0
754,Kirinyaga,2024-10,1.0,0
755,Kirinyaga,2025-10,1.0,0
756,Kisii,2011-07,1.0,0
757,Kisii,2011-10,1.0,0
758,Kisii,2012-01,1.0,0
759,Kisii,2012-04,1.0,0
760,Kisii,2012-07,1.0,0
761,Kisii,2012-10,1.0,0
762,Kisii,2013-01,1.0,0
763,Kisii,2013-04,1.0,0
764,Kisii,2013-07,1.0,0
765,Kisii,2013-10,1.0,0
766,Kisii,2014-01,1.0,0
767,Kisii,2014-04,1.0,0
768,Kisii,2014-07,1.0,0
769,Kisii,2014-10,1.0,0
770,Kisii,2015-01,1.0,0
771,Kisii,2015-04,1.0,0
772,Kisii,2015-07,1.0,0
773,Kisii,2015-10,1.0,0
774,Kisii,2016-02,1.0,0
775,Kisii,2016-06,1.0,0
776,Kisii,2016-10,1.0,0
777,Kisii,2017-02,1.0,0
778,Kisii,2017-06,1.0,0
779,Kisii,2017-10,1.0,0
780,Kisii,2018-02,1.0,0
781,Kisii,2018-06,1.0,0
782,Kisii,2018-12,1.0,0
783,Kisii,2019-02,1.0,0
784,Kisii,2019-06,1.0,0
785,Kisii,2019-10,1.0,0
786,Kisii,2020-02,1.0,0
787,Kisii,2020-06,1.0,0
788,Kisii,2020-10,1.0,0
789,Kisii,2021-02,1.0,0
790,Kisii,2021-06,1.0,0
791,Kisii,2021-10,1.0,0
792,Kisii,2022-02,1.0,0
793,Kisii,2022-06,1.0,0
794,Kisii,2022-10,1.0,0
795,Kisii,2023-02,1.0,0
796,Kisii,2023-06,1.0,0
797,Kisii,2023-10,1.0,0
798,Kisii,2024-02,1.0,0
799,Kisii,2024-06,1.0,0
800,Kisii,2024-10,1.0,0
801,Kisii,2025-10,1.0,0
802,Kisumu,2011-07,1.0,0
803,Kisumu,2011-10,1.0,0
804,Kisumu,2012-01,1.0,0
805,Kisumu,2012-04,1.0,0
806,Kisumu,2012-07,1.0,0
807,Kisumu,2012-10,1.0,0
808,Kisumu,2013-01,1.0,0
809,Kisumu,2013-04,1.0,0
810,Kisumu,2013-07,1.0,0
811,Kisumu,2013-10,1.0,0
812,Kisumu,2014-01,1.0,0
813,Kisumu,2014-04,1.0,0
814,Kisumu,2014-07,1.0,0
815,Kisumu,2014-10,1.0,0
816,Kisumu,2015-01,1.0,0
817,Kisumu,2015-04,1.0,0
818,Kisumu,2015-07,1.0,0
819,Kisumu,2015-10,1.0,0
820,Kisumu,2016-02,1.0,0
821,Kisumu,2016-06,1.0,0
822,Kisumu,2016-10,1.0,0
823,Kisumu,2017-02,1.0,0
824,Kisumu,2017-06,1.0,0
825,Kisumu,2017-10,1.0,0
826,Kisumu,2018-02,1.0,0
827,Kisumu,2018-06,1.0,0
828,Kisumu,2018-12,1.0,0
829,Kisumu,2019-02,1.0,0
830,Kisumu,2019-06,1.0,0
831,Kisumu,2019-10,1.0,0
832,Kisumu,2020-02,1.0,0
833,Kisumu,2020-06,1.0,0
834,Kisumu,2020-10,1.0,0
835,Kisumu,2021-02,1.0,0
836,Kisumu,2021-06,1.0,0
837,Kisumu,2021-10,1.0,0
838,Kisumu,2022-02,1.0,0
839,Kisumu,2022-06,1.0,0
840,Kisumu,2022-10,1.0,0
841,Kisumu,2023-02,1.0,0
842,Kisumu,2023-06,1.0,0
843,Kisumu,2023-10,1.0,0
844,Kisumu,2024-02,1.0,0
845,Kisumu,2024-06,1.0,0
846,Kisumu,2024-10,1.0,0
847,Kisumu,2025-10,1.0,0
848,Kitui,2011-07,2.5625,1
849,Kitui,2011-10,2.8125,1
850,Kitui,2012-01,2.1875,1
851,Kitui,2012-04,1.75,1
852,Kitui,2012-07,1.6875,0
853,Kitui,2012-10,2.1875,1
854,Kitui,2013-01,2.0625,1
855,Kitui,2013-04,1.875,0
856,Kitui,2013-07,2.0,0
857,Kitui,2013-10,2.0,0
858,Kitui,2014-01,2.0,0
859,Kitui,2014-04,2.0,0
860,Kitui,2014-07,2.0,0
861,Kitui,2014-10,2.0,0
862,Kitui,2015-01,2.0,0
863,Kitui,2015-04,2.0,0
864,Kitui,2015-07,2.0,0
865,Kitui,2015-10,1.75,0
866,Kitui,2016-02,1.0,0
867,Kitui,2016-06,1.0,0
868,Kitui,2016-10,1.5555555555555556,0
869,Kitui,2017-02,2.0,0
870,Kitui,2017-06,2.2222222222222223,1
871,Kitui,2017-10,1.8888888888888888,0
872,Kitui,2018-02,2.0,0
873,Kitui,2018-06,1.0,0
874,Kitui,2018-12,1.0,0
875,Kitui,2019-02,1.5555555555555556,0
876,Kitui,2019-06,2.0,0
877,Kitui,2019-10,2.888888888888889,1
878,Kitui,2020-02,1.0,0
879,Kitui,2020-06,1.0,0
880,Kitui,2020-10,2.0,0
881,Kitui,2021-02,1.8888888888888888,0
882,Kitui,2021-06,2.0,0
883,Kitui,2021-10,2.0,0
884,Kitui,2022-02,2.4444444444444446,1
885,Kitui,2022-06,2.4444444444444446,1
886,Kitui,2022-10,2.6666666666666665,1
887,Kitui,2023-02,3.0,1
888,Kitui,2023-06,3.0,1
889,Kitui,2023-10,2.0,0
890,Kitui,2024-02,2.0,0
891,Kitui,2024-06,2.0,0
892,Kitui,2024-10,2.0,0
893,Kitui,2025-10,2.0,0
894,Kwale,2011-07,1.6666666666666667,0
895,Kwale,2011-10,2.1666666666666665,1
896,Kwale,2012-01,2.0,0
897,Kwale,2012-04,2.0,0
898,Kwale,2012-07,2.0,0
899,Kwale,2012-10,2.1666666666666665,1
900,Kwale,2013-01,2.0,0
901,Kwale,2013-04,2.0,0
902,Kwale,2013-07,2.0,0
903,Kwale,2013-10,2.0,0
904,Kwale,2014-01,1.3333333333333333,0
905,Kwale,2014-04,1.3333333333333333,0
906,Kwale,2014-07,1.5,0
907,Kwale,2014-10,1.3333333333333333,0
908,Kwale,2015-01,1.3333333333333333,0
909,Kwale,2015-04,1.3333333333333333,0
910,Kwale,2015-07,1.3333333333333333,0
911,Kwale,2015-10,1.1666666666666667,0
912,Kwale,2016-02,1.0,0
913,Kwale,2016-06,1.0,0
914,Kwale,2016-10,1.25,0
915,Kwale,2017-02,2.0,0
916,Kwale,2017-06,2.0,0
917,Kwale,2017-10,1.75,0
918,Kwale,2018-02,1.0,0
919,Kwale,2018-06,1.0,0
920,Kwale,2018-12,1.0,0
921,Kwale,2019-02,1.25,0
922,Kwale,2019-06,2.0,0
923,Kwale,2019-10,2.0,0
924,Kwale,2020-02,2.0,0
925,Kwale,2020-06,2.0,0
926,Kwale,2020-10,2.0,0
927,Kwale,2021-02,2.0,0
928,Kwale,2021-06,2.0,0
929,Kwale,2021-10,2.0,0
930,Kwale,2022-02,2.0,0
931,Kwale,2022-06,2.0,0
932,Kwale,2022-10,2.0,0
933,Kwale,2023-02,2.0,0
934,Kwale,2023-06,2.0,0
935,Kwale,2023-10,2.0,0
936,Kwale,2024-02,2.0,0
937,Kwale,2024-06,2.0,0
938,Kwale,2024-10,2.0,0
939,Kwale,2025-10,2.0,0
940,Laikipia,2011-01,2.0,0
941,Laikipia,2011-04,2.0,0
942,Laikipia,2011-07,2.0,0
943,Laikipia,2011-10,2.4285714285714284,1
944,Laikipia,2012-01,2.0,0
945,Laikipia,2012-04,1.5714285714285714,0
946,Laikipia,2012-07,1.5714285714285714,0
947,Laikipia,2012-10,1.5714285714285714,0
948,Laikipia,2013-01,1.5714285714285714,0
949,Laikipia,2013-04,1.5714285714285714,0
950,Laikipia,2013-07,1.5714285714285714,0
951,Laikipia,2013-10,1.5714285714285714,0
952,Laikipia,2014-01,1.5714285714285714,0
953,Laikipia,2014-04,1.5714285714285714,0
954,Laikipia,2014-07,1.7142857142857142,0
955,Laikipia,2014-10,1.5714285714285714,0
956,Laikipia,2015-01,1.5714285714285714,0
957,Laikipia,2015-04,1.7142857142857142,0
958,Laikipia,2015-07,1.7142857142857142,0
959,Laikipia,2015-10,1.7142857142857142,0
960,Laikipia,2016-02,1.0,0
961,Laikipia,2016-06,1.0,0
962,Laikipia,2016-10,1.4,0
963,Laikipia,2017-02,2.0,0
964,Laikipia,2017-06,2.4,1
965,Laikipia,2017-10,1.8,1
966,Laikipia,2018-02,1.2,0
967,Laikipia,2018-06,1.0,0
968,Laikipia,2018-12,1.2,0
969,Laikipia,2019-02,1.2,0
970,Laikipia,2019-06,1.2,0
971,Laikipia,2019-10,1.6,0
972,Laikipia,2020-02,1.6,0
973,Laikipia,2020-06,1.0,0
974,Laikipia,2020-10,1.6,0
975,Laikipia,2021-02,1.6,0
976,Laikipia,2021-06,1.6,0
977,Laikipia,2021-10,1.6,0
978,Laikipia,2022-02,2.0,0
979,Laikipia,2022-06,2.0,0
980,Laikipia,2022-10,2.0,0
981,Laikipia,2023-02,2.0,0
982,Laikipia,2023-06,2.6,1
983,Laikipia,2023-10,2.0,0
984,Laikipia,2024-02,2.0,0
985,Laikipia,2024-06,2.0,0
986,Laikipia,2024-10,2.0,0
987,Laikipia,2025-10,2.0,0
988,Lamu,2011-07,1.0,0
989,Lamu,2011-10,2.0,0
990,Lamu,2012-01,2.0,0
991,Lamu,2012-04,2.0,0
992,Lamu,2012-07,2.0,0
993,Lamu,2012-10,2.0,0
994,Lamu,2013-01,2.0,0
995,Lamu,2013-04,2.0,0
996,Lamu,2013-07,2.0,0
997,Lamu,2013-10,2.0,0
998,Lamu,2014-01,2.0,0
999,Lamu,2014-04,2.0,0
1000,Lamu,2014-07,1.0,0
1001,Lamu,2014-10,1.0,0
1002,Lamu,2015-01,1.5714285714285714,0
1003,Lamu,2015-04,1.0,0
1004,Lamu,2015-07,1.0,0
1005,Lamu,2015-10,1.0,0
1006,Lamu,2016-02,1.0,0
1007,Lamu,2016-06,1.0,0
1008,Lamu,2016-10,1.5,0
1009,Lamu,2017-02,2.857142857142857,1
1010,Lamu,2017-06,2.5,1
1011,Lamu,2017-10,2.0714285714285716,1
1012,Lamu,2018-02,2.0714285714285716,1
1013,Lamu,2018-06,1.0,0
1014,Lamu,2018-12,1.9285714285714286,0
1015,Lamu,2019-02,1.9285714285714286,0
1016,Lamu,2019-06,2.0,0
1017,Lamu,2019-10,3.0,1
1018,Lamu,2020-02,2.0,0
1019,Lamu,2020-06,2.0,0
1020,Lamu,2020-10,2.0,0
1021,Lamu,2021-02,2.0,0
1022,Lamu,2021-06,2.0,0
1023,Lamu,2021-10,2.0714285714285716,1
1024,Lamu,2022-02,2.0714285714285716,1
1025,Lamu,2022-06,2.0714285714285716,1
1026,Lamu,2022-10,2.0714285714285716,1
1027,Lamu,2023-02,2.0714285714285716,1
1028,Lamu,2023-06,2.0714285714285716,1
1029,Lamu,2023-10,2.0714285714285716,1
1030,Lamu,2024-02,2.0714285714285716,1
1031,Lamu,2024-06,2.0,0
1032,Lamu,2024-10,2.0,0
1033,Lamu,2025-10,2.0,0
1034,Machakos,2011-07,1.0,0
1035,Machakos,2011-10,2.909090909090909,1
1036,Machakos,2012-01,2.090909090909091,1
1037,Machakos,2012-04,1.7272727272727273,0
1038,Machakos,2012-07,1.7272727272727273,0
1039,Machakos,2012-10,1.7272727272727273,0
1040,Machakos,2013-01,1.7272727272727273,0
1041,Machakos,2013-04,1.7272727272727273,0
1042,Machakos,2013-07,2.0,0
1043,Machakos,2013-10,2.0,0
1044,Machakos,2014-01,1.6363636363636365,0
1045,Machakos,2014-04,1.6363636363636365,0
1046,Machakos,2014-07,1.5454545454545454,0
1047,Machakos,2014-10,1.5454545454545454,0
1048,Machakos,2015-01,1.0,0
1049,Machakos,2015-04,1.0,0
1050,Machakos,2015-07,1.0,0
1051,Machakos,2015-10,1.0,0
1052,Machakos,2016-02,1.0,0
1053,Machakos,2016-06,1.0,0
1054,Machakos,2016-10,1.0,0
1055,Machakos,2017-02,2.0,0
1056,Machakos,2017-06,2.0,0
1057,Machakos,2017-10,1.0,0
1058,Machakos,2018-02,1.0,0
1059,Machakos,2018-06,1.0,0
1060,Machakos,2018-12,1.0,0
1061,Machakos,2019-02,1.0,0
1062,Machakos,2019-06,1.0,0
1063,Machakos,2019-10,1.0,0
1064,Machakos,2020-02,1.0,0
1065,Machakos,2020-06,1.0,0
1066,Machakos,2020-10,1.0,0
1067,Machakos,2021-02,1.0,0
1068,Machakos,2021-06,1.0,0
1069,Machakos,2021-10,1.0,0
1070,Machakos,2022-02,1.0,0
1071,Machakos,2022-06,1.0,0
1072,Machakos,2022-10,1.0,0
1073,Machakos,2023-02,1.0,0
1074,Machakos,2023-06,1.0,0
1075,Machakos,2023-10,1.0,0
1076,Machakos,2024-02,1.0,0
1077,Machakos,2024-06,1.0,0
1078,Machakos,2024-10,1.0,0
1079,Machakos,2025-10,1.0,0
1080,Makueni,2011-07,1.6666666666666667,0
1081,Makueni,2011-10,2.3333333333333335,1
1082,Makueni,2012-01,2.0,0
1083,Makueni,2012-04,1.4444444444444444,0
1084,Makueni,2012-07,1.4444444444444444,0
1085,Makueni,2012-10,1.5555555555555556,1
1086,Makueni,2013-01,1.6666666666666667,1
1087,Makueni,2013-04,1.4444444444444444,0
1088,Makueni,2013-07,2.0,0
1089,Makueni,2013-10,2.0,0
1090,Makueni,2014-01,2.0,0
1091,Makueni,2014-04,1.7222222222222223,0
1092,Makueni,2014-07,1.6666666666666667,0
1093,Makueni,2014-10,1.6666666666666667,0
1094,Makueni,2015-01,1.9444444444444444,0
1095,Makueni,2015-04,1.5,0
1096,Makueni,2015-07,1.8333333333333333,0
1097,Makueni,2015-10,1.4444444444444444,0
1098,Makueni,2016-02,1.0,0
1099,Makueni,2016-06,1.0,0
1100,Makueni,2016-10,1.4166666666666667,0
1101,Makueni,2017-02,2.0,0
1102,Makueni,2017-06,2.0,0
1103,Makueni,2017-10,1.9166666666666667,0
1104,Makueni,2018-02,1.6666666666666667,0
1105,Makueni,2018-06,1.0,0
1106,Makueni,2018-12,1.4166666666666667,0
1107,Makueni,2019-02,1.6666666666666667,0
1108,Makueni,2019-06,2.0,0
1109,Makueni,2019-10,2.6666666666666665,1
1110,Makueni,2020-02,1.0,0
1111,Makueni,2020-06,1.0,0
1112,Makueni,2020-10,2.0,0
1113,Makueni,2021-02,2.0,0
1114,Makueni,2021-06,2.0,0
1115,Makueni,2021-10,1.9166666666666667,0
1116,Makueni,2022-02,2.25,1
1117,Makueni,2022-06,2.4166666666666665,1
1118,Makueni,2022-10,2.4166666666666665,1
1119,Makueni,2023-02,2.4166666666666665,1
1120,Makueni,2023-06,2.8333333333333335,1
1121,Makueni,2023-10,1.9166666666666667,0
1122,Makueni,2024-02,1.9166666666666667,0
1123,Makueni,2024-06,1.9166666666666667,0
1124,Makueni,2024-10,1.9166666666666667,0
1125,Makueni,2025-10,2.0,0
1126,Mandera,2011-01,3.0,1
1127,Mandera,2011-04,3.0,1
1128,Mandera,2011-07,3.5,1
1129,Mandera,2011-10,3.6666666666666665,1
1130,Mandera,2012-01,2.6666666666666665,1
1131,Mandera,2012-04,2.388888888888889,1
1132,Mandera,2012-07,2.2777777777777777,1
1133,Mandera,2012-10,2.111111111111111,1
1134,Mandera,2013-01,2.0,0
1135,Mandera,2013-04,2.0,0
1136,Mandera,2013-07,2.0,0
1137,Mandera,2013-10,2.0,0
1138,Mandera,2014-01,2.0,0
1139,Mandera,2014-04,2.0,0
1140,Mandera,2014-07,2.0,0
1141,Mandera,2014-10,2.1666666666666665,1
1142,Mandera,2015-01,2.0,0
1143,Mandera,2015-04,2.0,0
1144,Mandera,2015-07,2.0,0
1145,Mandera,2015-10,2.0,0
1146,Mandera,2016-02,2.0,0
1147,Mandera,2016-06,2.0,0
1148,Mandera,2016-10,2.0,0
1149,Mandera,2017-02,2.6444444444444444,1
1150,Mandera,2017-06,2.577777777777778,1
1151,Mandera,2017-10,2.6,1
1152,Mandera,2018-02,2.5555555555555554,1
1153,Mandera,2018-06,1.2666666666666666,0
1154,Mandera,2018-12,2.0,0
1155,Mandera,2019-02,2.0,0
1156,Mandera,2019-06,2.022222222222222,1
1157,Mandera,2019-10,3.0,1
1158,Mandera,2020-02,2.0,0
1159,Mandera,2020-06,2.1777777777777776,1
1160,Mandera,2020-10,2.0,0
1161,Mandera,2021-02,2.2444444444444445,1
1162,Mandera,2021-06,2.0444444444444443,1
1163,Mandera,2021-10,3.0,1
1164,Mandera,2022-02,3.0,1
1165,Mandera,2022-06,3.0,1
1166,Mandera,2022-10,3.0,1
1167,Mandera,2023-02,3.0,1
1168,Mandera,2023-06,3.0,1
1169,Mandera,2023-10,3.0,1
1170,Mandera,2024-02,3.0,1
1171,Mandera,2024-06,2.0,0
1172,Mandera,2024-10,2.0,0
1173,Mandera,2025-10,2.911111111111111,1
1174,Marsabit,2011-07,3.3,1
1175,Marsabit,2011-10,3.6,1
1176,Marsabit,2012-01,2.6,1
1177,Marsabit,2012-04,2.3,1
1178,Marsabit,2012-07,2.1,1
1179,Marsabit,2012-10,2.0,0
1180,Marsabit,2013-01,2.0,0
1181,Marsabit,2013-04,2.0,0
1182,Marsabit,2013-07,2.0,0
1183,Marsabit,2013-10,2.0,0
1184,Marsabit,2014-01,2.0,0
1185,Marsabit,2014-04,2.2,1
1186,Marsabit,2014-07,2.3,1
1187,Marsabit,2014-10,2.2,1
1188,Marsabit,2015-01,2.0,0
1189,Marsabit,2015-04,2.2,1
1190,Marsabit,2015-07,2.0,0
1191,Marsabit,2015-10,2.0,0
1192,Marsabit,2016-02,1.6,0
1193,Marsabit,2016-06,1.896551724137931,0
1194,Marsabit,2016-10,2.0344827586206895,1
1195,Marsabit,2017-02,2.413793103448276,1
1196,Marsabit,2017-06,2.4482758620689653,1
1197,Marsabit,2017-10,2.2413793103448274,1
1198,Marsabit,2018-02,2.1379310344827585,1
1199,Marsabit,2018-06,1.2758620689655173,0
1200,Marsabit,2018-12,2.0,0
1201,Marsabit,2019-02,2.0,0
1202,Marsabit,2019-06,2.4482758620689653,1
1203,Marsabit,2019-10,3.0,1
1204,Marsabit,2020-02,2.0,0
1205,Marsabit,2020-06,2.0,0
1206,Marsabit,2020-10,2.0,0
1207,Marsabit,2021-02,2.4482758620689653,1
1208,Marsabit,2021-06,2.4482758620689653,1
1209,Marsabit,2021-10,3.0,1
1210,Marsabit,2022-02,3.0,1
1211,Marsabit,2022-06,3.0,1
1212,Marsabit,2022-10,4.0,1
1213,Marsabit,2023-02,3.0,1
1214,Marsabit,2023-06,3.0,1
1215,Marsabit,2023-10,3.0,1
1216,Marsabit,2024-02,3.0,1
1217,Marsabit,2024-06,2.0,0
1218,Marsabit,2024-10,2.4482758620689653,1
1219,Marsabit,2025-10,3.0,1
1220,Meru,2011-07,1.6296296296296295,1
1221,Meru,2011-10,1.3703703703703705,1
1222,Meru,2012-01,1.1481481481481481,0
1223,Meru,2012-04,1.1481481481481481,0
1224,Meru,2012-07,1.1481481481481481,0
1225,Meru,2012-10,1.2222222222222223,1
1226,Meru,2013-01,1.1481481481481481,0
1227,Meru,2013-04,1.0,0
1228,Meru,2013-07,1.5925925925925926,0
1229,Meru,2013-10,1.5925925925925926,0
1230,Meru,2014-01,1.5925925925925926,0
1231,Meru,2014-04,1.5925925925925926,0
1232,Meru,2014-07,1.5555555555555556,0
1233,Meru,2014-10,1.4814814814814814,0
1234,Meru,2015-01,1.4814814814814814,0
1235,Meru,2015-04,1.4814814814814814,0
1236,Meru,2015-07,1.4814814814814814,0
1237,Meru,2015-10,1.1481481481481481,0
1238,Meru,2016-02,1.0,0
1239,Meru,2016-06,1.0,0
1240,Meru,2016-10,1.0,0
1241,Meru,2017-02,2.0,0
1242,Meru,2017-06,2.0714285714285716,1
1243,Meru,2017-10,1.2142857142857142,0
1244,Meru,2018-02,1.2142857142857142,0
1245,Meru,2018-06,1.0,0
1246,Meru,2018-12,1.0714285714285714,0
1247,Meru,2019-02,1.0,0
1248,Meru,2019-06,1.3571428571428572,0
1249,Meru,2019-10,2.5,1
1250,Meru,2020-02,1.0,0
1251,Meru,2020-06,1.0,0
1252,Meru,2020-10,1.5714285714285714,0
1253,Meru,2021-02,1.5714285714285714,0
1254,Meru,2021-06,1.6428571428571428,0
1255,Meru,2021-10,1.3571428571428572,0
1256,Meru,2022-02,1.6428571428571428,1
1257,Meru,2022-06,1.6428571428571428,1
1258,Meru,2022-10,1.6428571428571428,1
1259,Meru,2023-02,1.3571428571428572,0
1260,Meru,2023-06,1.7142857142857142,1
1261,Meru,2023-10,1.3571428571428572,0
1262,Meru,2024-02,1.3571428571428572,0
1263,Meru,2024-06,1.3571428571428572,0
1264,Meru,2024-10,1.3571428571428572,0
1265,Meru,2025-10,1.5714285714285714,0
1266,Migori,2011-07,1.0,0
1267,Migori,2011-10,1.0,0
1268,Migori,2012-01,1.0,0
1269,Migori,2012-04,1.0,0
1270,Migori,2012-07,1.0,0
1271,Migori,2012-10,1.0,0
1272,Migori,2013-01,1.0,0
1273,Migori,2013-04,1.0,0
1274,Migori,2013-07,1.0,0
1275,Migori,2013-10,1.0,0
1276,Migori,2014-01,1.0,0
1277,Migori,2014-04,1.0,0
1278,Migori,2014-07,1.0,0
1279,Migori,2014-10,1.0,0
1280,Migori,2015-01,1.0,0
1281,Migori,2015-04,1.0,0
1282,Migori,2015-07,1.0,0
1283,Migori,2015-10,1.0,0
1284,Migori,2016-02,1.0,0
1285,Migori,2016-06,1.0,0
1286,Migori,2016-10,1.0,0
1287,Migori,2017-02,1.0,0
1288,Migori,2017-06,1.0,0
1289,Migori,2017-10,1.0,0
1290,Migori,2018-02,1.0,0
1291,Migori,2018-06,1.0,0
1292,Migori,2018-12,1.0,0
1293,Migori,2019-02,1.0,0
1294,Migori,2019-06,1.0,0
1295,Migori,2019-10,1.0,0
1296,Migori,2020-02,1.0,0
1297,Migori,2020-06,1.0,0
1298,Migori,2020-10,1.0,0
1299,Migori,2021-02,1.0,0
1300,Migori,2021-06,1.0,0
1301,Migori,2021-10,1.0,0
1302,Migori,2022-02,1.0,0
1303,Migori,2022-06,1.0,0
1304,Migori,2022-10,1.0,0
1305,Migori,2023-02,1.0,0
1306,Migori,2023-06,1.0,0
1307,Migori,2023-10,1.0,0
1308,Migori,2024-02,1.0,0
1309,Migori,2024-06,1.0,0
1310,Migori,2024-10,1.0,0
1311,Migori,2025-10,1.0,0
1312,Mombasa,2011-07,1.0,0
1313,Mombasa,2011-10,1.0,0
1314,Mombasa,2012-01,1.0,0
1315,Mombasa,2012-04,1.0,0
1316,Mombasa,2012-07,1.0,0
1317,Mombasa,2012-10,1.0,0
1318,Mombasa,2013-01,1.0,0
1319,Mombasa,2013-04,1.0,0
1320,Mombasa,2013-07,1.0,0
1321,Mombasa,2013-10,1.0,0
1322,Mombasa,2014-01,1.0,0
1323,Mombasa,2014-04,1.0,0
1324,Mombasa,2014-07,1.0,0
1325,Mombasa,2014-10,1.0,0
1326,Mombasa,2015-01,1.0,0
1327,Mombasa,2015-04,1.0,0
1328,Mombasa,2015-07,1.0,0
1329,Mombasa,2015-10,1.0,0
1330,Mombasa,2016-02,1.0,0
1331,Mombasa,2016-06,1.0,0
1332,Mombasa,2016-10,1.0,0
1333,Mombasa,2017-02,1.0,0
1334,Mombasa,2017-06,1.0,0
1335,Mombasa,2017-10,1.0,0
1336,Mombasa,2018-02,1.0,0
1337,Mombasa,2018-06,1.0,0
1338,Mombasa,2018-12,1.0,0
1339,Mombasa,2019-02,1.0,0
1340,Mombasa,2019-06,1.0,0
1341,Mombasa,2019-10,1.0,0
1342,Mombasa,2020-02,1.0,0
1343,Mombasa,2020-06,2.0,0
1344,Mombasa,2020-10,1.0,0
1345,Mombasa,2021-02,1.0,0
1346,Mombasa,2021-06,1.0,0
1347,Mombasa,2021-10,1.0,0
1348,Mombasa,2022-02,1.0,0
1349,Mombasa,2022-06,1.0,0
1350,Mombasa,2022-10,1.0,0
1351,Mombasa,2023-02,1.0,0
1352,Mombasa,2023-06,1.0,0
1353,Mombasa,2023-10,1.0,0
1354,Mombasa,2024-02,1.0,0
1355,Mombasa,2024-06,1.0,0
1356,Mombasa,2024-10,1.0,0
1357,Mombasa,2025-10,1.0,0
1358,Murang'a,2011-07,1.0,0
1359,Murang'a,2011-10,1.0,0
1360,Murang'a,2012-01,1.0,0
1361,Murang'a,2012-04,1.0,0
1362,Murang'a,2012-07,1.0,0
1363,Murang'a,2012-10,1.0,0
1364,Murang'a,2013-01,1.0,0
1365,Murang'a,2013-04,1.0,0
1366,Murang'a,2013-07,1.0,0
1367,Murang'a,2013-10,1.0,0
1368,Murang'a,2014-01,1.0,0
1369,Murang'a,2014-04,1.0,0
1370,Murang'a,2014-07,1.0,0
1371,Murang'a,2014-10,1.0,0
1372,Murang'a,2015-01,1.0,0
1373,Murang'a,2015-04,1.0,0
1374,Murang'a,2015-07,1.0,0
1375,Murang'a,2015-10,1.0,0
1376,Murang'a,2016-02,1.0,0
1377,Murang'a,2016-06,1.0,0
1378,Murang'a,2016-10,1.0,0
1379,Murang'a,2017-02,1.0,0
1380,Murang'a,2017-06,1.0,0
1381,Murang'a,2017-10,1.0,0
1382,Murang'a,2018-02,1.0,0
1383,Murang'a,2018-06,1.0,0
1384,Murang'a,2018-12,1.0,0
1385,Murang'a,2019-02,1.0,0
1386,Murang'a,2019-06,1.0,0
1387,Murang'a,2019-10,1.0,0
1388,Murang'a,2020-02,1.0,0
1389,Murang'a,2020-06,1.0,0
1390,Murang'a,2020-10,1.0,0
1391,Murang'a,2021-02,1.0,0
1392,Murang'a,2021-06,1.0,0
1393,Murang'a,2021-10,1.0,0
1394,Murang'a,2022-02,1.0,0
1395,Murang'a,2022-06,1.0,0
1396,Murang'a,2022-10,1.0,0
1397,Murang'a,2023-02,1.0,0
1398,Murang'a,2023-06,1.0,0
1399,Murang'a,2023-10,1.0,0
1400,Murang'a,2024-02,1.0,0
1401,Murang'a,2024-06,1.0,0
1402,Murang'a,2024-10,1.0,0
1403,Murang'a,2025-10,1.0,0
1404,Nairobi,2011-01,1.0,0
1405,Nairobi,2011-04,1.0,0
1406,Nairobi,2011-07,1.0,0
1407,Nairobi,2011-10,1.0,0
1408,Nairobi,2012-01,1.0,0
1409,Nairobi,2012-04,1.0,0
1410,Nairobi,2012-07,1.0,0
1411,Nairobi,2012-10,1.0,0
1412,Nairobi,2013-01,1.0,0
1413,Nairobi,2013-04,1.0,0
1414,Nairobi,2013-07,1.0,0
1415,Nairobi,2013-10,1.0,0
1416,Nairobi,2014-01,1.0,0
1417,Nairobi,2014-04,1.0,0
1418,Nairobi,2014-07,1.0,0
1419,Nairobi,2014-10,1.0,0
1420,Nairobi,2015-01,1.0,0
1421,Nairobi,2015-04,1.0,0
1422,Nairobi,2015-07,1.0,0
1423,Nairobi,2015-10,1.0,0
1424,Nairobi,2016-02,1.0,0
1425,Nairobi,2016-06,1.0,0
1426,Nairobi,2016-10,1.0,0
1427,Nairobi,2017-02,1.0,0
1428,Nairobi,2017-06,1.0,0
1429,Nairobi,2017-10,1.0,0
1430,Nairobi,2018-02,1.0,0
1431,Nairobi,2018-06,1.0,0
1432,Nairobi,2018-12,1.0,0
1433,Nairobi,2019-02,1.0,0
1434,Nairobi,2019-06,1.0,0
1435,Nairobi,2019-10,1.0,0
1436,Nairobi,2020-02,1.0,0
1437,Nairobi,2020-06,2.0,0
1438,Nairobi,2020-10,1.0,0
1439,Nairobi,2021-02,1.0,0
1440,Nairobi,2021-06,1.0,0
1441,Nairobi,2021-10,1.0,0
1442,Nairobi,2022-02,1.0,0
1443,Nairobi,2022-06,1.0,0
1444,Nairobi,2022-10,1.0,0
1445,Nairobi,2023-02,1.0,0
1446,Nairobi,2023-06,1.0,0
1447,Nairobi,2023-10,1.0,0
1448,Nairobi,2024-02,1.0,0
1449,Nairobi,2024-06,1.0,0
1450,Nairobi,2024-10,1.0,0
1451,Nairobi,2025-10,1.0,0
1452,Nakuru,2011-01,1.0,0
1453,Nakuru,2011-04,1.0,0
1454,Nakuru,2011-07,1.0,0
1455,Nakuru,2011-10,1.0,0
1456,Nakuru,2012-01,1.0,0
1457,Nakuru,2012-04,1.0,0
1458,Nakuru,2012-07,1.0,0
1459,Nakuru,2012-10,1.0,0
1460,Nakuru,2013-01,1.0,0
1461,Nakuru,2013-04,1.0,0
1462,Nakuru,2013-07,1.0,0
1463,Nakuru,2013-10,1.0,0
1464,Nakuru,2014-01,1.0,0
1465,Nakuru,2014-04,1.0,0
1466,Nakuru,2014-07,1.0,0
1467,Nakuru,2014-10,1.0,0
1468,Nakuru,2015-01,1.0,0
1469,Nakuru,2015-04,1.0,0
1470,Nakuru,2015-07,1.0,0
1471,Nakuru,2015-10,1.0,0
1472,Nakuru,2016-02,1.0,0
1473,Nakuru,2016-06,1.0,0
1474,Nakuru,2016-10,1.0,0
1475,Nakuru,2017-02,1.0,0
1476,Nakuru,2017-06,1.0769230769230769,0
1477,Nakuru,2017-10,1.0,0
1478,Nakuru,2018-02,1.0,0
1479,Nakuru,2018-06,1.0,0
1480,Nakuru,2018-12,1.0,0
1481,Nakuru,2019-02,1.0,0
1482,Nakuru,2019-06,1.0,0
1483,Nakuru,2019-10,1.0,0
1484,Nakuru,2020-02,1.0,0
1485,Nakuru,2020-06,1.0,0
1486,Nakuru,2020-10,1.0,0
1487,Nakuru,2021-02,1.0,0
1488,Nakuru,2021-06,1.0,0
1489,Nakuru,2021-10,1.0,0
1490,Nakuru,2022-02,1.0,0
1491,Nakuru,2022-06,1.0,0
1492,Nakuru,2022-10,1.0,0
1493,Nakuru,2023-02,1.0,0
1494,Nakuru,2023-06,1.0,0
1495,Nakuru,2023-10,1.0,0
1496,Nakuru,2024-02,1.0,0
1497,Nakuru,2024-06,1.0,0
1498,Nakuru,2024-10,1.0,0
1499,Nakuru,2025-10,1.0,0
1500,Nandi,2011-01,1.0,0
1501,Nandi,2011-04,1.0,0
1502,Nandi,2011-07,1.0,0
1503,Nandi,2011-10,1.0,0
1504,Nandi,2012-01,1.0,0
1505,Nandi,2012-04,1.0,0
1506,Nandi,2012-07,1.0,0
1507,Nandi,2012-10,1.0,0
1508,Nandi,2013-01,1.0,0
1509,Nandi,2013-04,1.0,0
1510,Nandi,2013-07,1.0,0
1511,Nandi,2013-10,1.0,0
1512,Nandi,2014-01,1.0,0
1513,Nandi,2014-04,1.0,0
1514,Nandi,2014-07,1.0,0
1515,Nandi,2014-10,1.0,0
1516,Nandi,2015-01,1.0,0
1517,Nandi,2015-04,1.0,0
1518,Nandi,2015-07,1.0,0
1519,Nandi,2015-10,1.0,0
1520,Nandi,2016-02,1.0,0
1521,Nandi,2016-06,1.0,0
1522,Nandi,2016-10,1.0,0
1523,Nandi,2017-02,1.0,0
1524,Nandi,2017-06,1.0,0
1525,Nandi,2017-10,1.0,0
1526,Nandi,2018-02,1.0,0
1527,Nandi,2018-06,1.0,0
1528,Nandi,2018-12,1.0,0
1529,Nandi,2019-02,1.0,0
1530,Nandi,2019-06,1.0,0
1531,Nandi,2019-10,1.0,0
1532,Nandi,2020-02,1.0,0
1533,Nandi,2020-06,1.0,0
1534,Nandi,2020-10,1.0,0
1535,Nandi,2021-02,1.0,0
1536,Nandi,2021-06,1.0,0
1537,Nandi,2021-10,1.0,0
1538,Nandi,2022-02,1.0,0
1539,Nandi,2022-06,1.0,0
1540,Nandi,2022-10,1.0,0
1541,Nandi,2023-02,1.0,0
1542,Nandi,2023-06,1.0,0
1543,Nandi,2023-10,1.0,0
1544,Nandi,2024-02,1.0,0
1545,Nandi,2024-06,1.0,0
1546,Nandi,2024-10,1.0,0
1547,Nandi,2025-10,1.0,0
1548,Narok,2011-01,1.6666666666666667,0
1549,Narok,2011-04,1.6666666666666667,0
1550,Narok,2011-07,1.2307692307692308,0
1551,Narok,2011-10,2.076923076923077,1
1552,Narok,2012-01,1.6153846153846154,0
1553,Narok,2012-04,1.3076923076923077,0
1554,Narok,2012-07,1.3076923076923077,0
1555,Narok,2012-10,1.3076923076923077,0
1556,Narok,2013-01,1.3076923076923077,0
1557,Narok,2013-04,1.3076923076923077,0
1558,Narok,2013-07,1.3076923076923077,0
1559,Narok,2013-10,1.3076923076923077,0
1560,Narok,2014-01,1.3076923076923077,0
1561,Narok,2014-04,1.3076923076923077,0
1562,Narok,2014-07,1.6153846153846154,0
1563,Narok,2014-10,1.1538461538461537,0
1564,Narok,2015-01,1.0,0
1565,Narok,2015-04,1.0,0
1566,Narok,2015-07,1.0769230769230769,0
1567,Narok,2015-10,1.0,0
1568,Narok,2016-02,1.0,0
1569,Narok,2016-06,1.0,0
1570,Narok,2016-10,1.1176470588235294,0
1571,Narok,2017-02,2.0,0
1572,Narok,2017-06,1.9411764705882353,0
1573,Narok,2017-10,1.588235294117647,0
1574,Narok,2018-02,1.2941176470588236,0
1575,Narok,2018-06,1.0,0
1576,Narok,2018-12,1.0,0
1577,Narok,2019-02,1.1176470588235294,0
1578,Narok,2019-06,1.0,0
1579,Narok,2019-10,1.6470588235294117,0
1580,Narok,2020-02,1.0,0
1581,Narok,2020-06,1.0,0
1582,Narok,2020-10,1.3529411764705883,0
1583,Narok,2021-02,1.4705882352941178,0
1584,Narok,2021-06,1.5294117647058822,0
1585,Narok,2021-10,2.0,0
1586,Narok,2022-02,1.0,0
1587,Narok,2022-06,1.0,0
1588,Narok,2022-10,1.0,0
1589,Narok,2023-02,1.2352941176470589,0
1590,Narok,2023-06,1.2352941176470589,0
1591,Narok,2023-10,1.2352941176470589,0
1592,Narok,2024-02,1.0,0
1593,Narok,2024-06,1.0,0
1594,Narok,2024-10,1.0,0
1595,Narok,2025-10,2.0,0
1596,Nyamira,2011-07,1.0,0
1597,Nyamira,2011-10,1.0,0
1598,Nyamira,2012-01,1.0,0
1599,Nyamira,2012-04,1.0,0
1600,Nyamira,2012-07,1.0,0
1601,Nyamira,2012-10,1.0,0
1602,Nyamira,2013-01,1.0,0
1603,Nyamira,2013-04,1.0,0
1604,Nyamira,2013-07,1.0,0
1605,Nyamira,2013-10,1.0,0
1606,Nyamira,2014-01,1.0,0
1607,Nyamira,2014-04,1.0,0
1608,Nyamira,2014-07,1.0,0
1609,Nyamira,2014-10,1.0,0
1610,Nyamira,2015-01,1.0,0
1611,Nyamira,2015-04,1.0,0
1612,Nyamira,2015-07,1.0,0
1613,Nyamira,2015-10,1.0,0
1614,Nyamira,2016-02,1.0,0
1615,Nyamira,2016-06,1.0,0
1616,Nyamira,2016-10,1.0,0
1617,Nyamira,2017-02,1.0,0
1618,Nyamira,2017-06,1.0,0
1619,Nyamira,2017-10,1.0,0
1620,Nyamira,2018-02,1.0,0
1621,Nyamira,2018-06,1.0,0
1622,Nyamira,2018-12,1.0,0
1623,Nyamira,2019-02,1.0,0
1624,Nyamira,2019-06,1.0,0
1625,Nyamira,2019-10,1.0,0
1626,Nyamira,2020-02,1.0,0
1627,Nyamira,2020-06,1.0,0
1628,Nyamira,2020-10,1.0,0
1629,Nyamira,2021-02,1.0,0
1630,Nyamira,2021-06,1.0,0
1631,Nyamira,2021-10,1.0,0
1632,Nyamira,2022-02,1.0,0
1633,Nyamira,2022-06,1.0,0
1634,Nyamira,2022-10,1.0,0
1635,Nyamira,2023-02,1.0,0
1636,Nyamira,2023-06,1.0,0
1637,Nyamira,2023-10,1.0,0
1638,Nyamira,2024-02,1.0,0
1639,Nyamira,2024-06,1.0,0
1640,Nyamira,2024-10,1.0,0
1641,Nyamira,2025-10,1.0,0
1642,Nyandarua,2011-07,1.0,0
1643,Nyandarua,2011-10,1.0,0
1644,Nyandarua,2012-01,1.0,0
1645,Nyandarua,2012-04,1.0,0
1646,Nyandarua,2012-07,1.0,0
1647,Nyandarua,2012-10,1.0,0
1648,Nyandarua,2013-01,1.0,0
1649,Nyandarua,2013-04,1.0,0
1650,Nyandarua,2013-07,1.0,0
1651,Nyandarua,2013-10,1.0,0
1652,Nyandarua,2014-01,1.0,0
1653,Nyandarua,2014-04,1.0,0
1654,Nyandarua,2014-07,1.0,0
1655,Nyandarua,2014-10,1.0,0
1656,Nyandarua,2015-01,1.0,0
1657,Nyandarua,2015-04,1.0,0
1658,Nyandarua,2015-07,1.0,0
1659,Nyandarua,2015-10,1.0,0
1660,Nyandarua,2016-02,1.0,0
1661,Nyandarua,2016-06,1.0,0
1662,Nyandarua,2016-10,1.0,0
1663,Nyandarua,2017-02,1.0,0
1664,Nyandarua,2017-06,1.1666666666666667,0
1665,Nyandarua,2017-10,1.0,0
1666,Nyandarua,2018-02,1.0,0
1667,Nyandarua,2018-06,1.0,0
1668,Nyandarua,2018-12,1.0,0
1669,Nyandarua,2019-02,1.0,0
1670,Nyandarua,2019-06,1.0,0
1671,Nyandarua,2019-10,1.0,0
1672,Nyandarua,2020-02,1.0,0
1673,Nyandarua,2020-06,1.0,0
1674,Nyandarua,2020-10,1.0,0
1675,Nyandarua,2021-02,1.0,0
1676,Nyandarua,2021-06,1.0,0
1677,Nyandarua,2021-10,1.0,0
1678,Nyandarua,2022-02,1.0,0
1679,Nyandarua,2022-06,1.0,0
1680,Nyandarua,2022-10,1.0,0
1681,Nyandarua,2023-02,1.0,0
1682,Nyandarua,2023-06,1.0,0
1683,Nyandarua,2023-10,1.0,0
1684,Nyandarua,2024-02,1.0,0
1685,Nyandarua,2024-06,1.0,0
1686,Nyandarua,2024-10,1.0,0
1687,Nyandarua,2025-10,1.0,0
1688,Nyeri,2011-07,1.0,0
1689,Nyeri,2011-10,1.2222222222222223,0
1690,Nyeri,2012-01,1.2222222222222223,0
1691,Nyeri,2012-04,1.2222222222222223,0
1692,Nyeri,2012-07,1.2222222222222223,0
1693,Nyeri,2012-10,1.2222222222222223,0
1694,Nyeri,2013-01,1.2222222222222223,0
1695,Nyeri,2013-04,1.2222222222222223,0
1696,Nyeri,2013-07,1.2222222222222223,0
1697,Nyeri,2013-10,1.2222222222222223,0
1698,Nyeri,2014-01,1.2222222222222223,0
1699,Nyeri,2014-04,1.2222222222222223,0
1700,Nyeri,2014-07,1.2222222222222223,0
1701,Nyeri,2014-10,1.2222222222222223,0
1702,Nyeri,2015-01,1.2222222222222223,0
1703,Nyeri,2015-04,1.2222222222222223,0
1704,Nyeri,2015-07,1.2222222222222223,0
1705,Nyeri,2015-10,1.1111111111111112,0
1706,Nyeri,2016-02,1.0,0
1707,Nyeri,2016-06,1.0,0
1708,Nyeri,2016-10,1.0,0
1709,Nyeri,2017-02,1.0,0
1710,Nyeri,2017-06,1.0,0
1711,Nyeri,2017-10,1.0,0
1712,Nyeri,2018-02,1.0,0
1713,Nyeri,2018-06,1.0,0
1714,Nyeri,2018-12,1.0,0
1715,Nyeri,2019-02,1.1666666666666667,0
1716,Nyeri,2019-06,1.1666666666666667,0
1717,Nyeri,2019-10,1.0,0
1718,Nyeri,2020-02,1.0,0
1719,Nyeri,2020-06,1.0,0
1720,Nyeri,2020-10,1.0,0
1721,Nyeri,2021-02,1.1666666666666667,0
1722,Nyeri,2021-06,1.1666666666666667,0
1723,Nyeri,2021-10,1.1666666666666667,0
1724,Nyeri,2022-02,1.1666666666666667,0
1725,Nyeri,2022-06,1.1666666666666667,0
1726,Nyeri,2022-10,1.1666666666666667,0
1727,Nyeri,2023-02,1.1666666666666667,0
1728,Nyeri,2023-06,1.3333333333333333,1
1729,Nyeri,2023-10,1.1666666666666667,0
1730,Nyeri,2024-02,1.1666666666666667,0
1731,Nyeri,2024-06,1.1666666666666667,0
1732,Nyeri,2024-10,1.1666666666666667,0
1733,Nyeri,2025-10,1.1666666666666667,0
1734,Samburu,2011-01,2.0,0
1735,Samburu,2011-04,2.0,0
1736,Samburu,2011-07,2.3333333333333335,1
1737,Samburu,2011-10,2.8333333333333335,1
1738,Samburu,2012-01,2.1666666666666665,1
1739,Samburu,2012-04,2.0,0
1740,Samburu,2012-07,2.0,0
1741,Samburu,2012-10,2.0,0
1742,Samburu,2013-01,2.0,0
1743,Samburu,2013-04,2.0,0
1744,Samburu,2013-07,2.0,0
1745,Samburu,2013-10,2.0,0
1746,Samburu,2014-01,2.0,0
1747,Samburu,2014-04,2.0,0
1748,Samburu,2014-07,2.0,0
1749,Samburu,2014-10,2.1666666666666665,1
1750,Samburu,2015-01,2.0,0
1751,Samburu,2015-04,2.0,0
1752,Samburu,2015-07,2.0,0
1753,Samburu,2015-10,2.0,0
1754,Samburu,2016-02,1.6666666666666667,0
1755,Samburu,2016-06,1.6538461538461537,0
1756,Samburu,2016-10,2.0,0
1757,Samburu,2017-02,2.269230769230769,1
1758,Samburu,2017-06,2.423076923076923,1
1759,Samburu,2017-10,2.3461538461538463,1
1760,Samburu,2018-02,1.9615384615384615,1
1761,Samburu,2018-06,1.0,0
1762,Samburu,2018-12,1.7692307692307692,0
1763,Samburu,2019-02,2.0,0
1764,Samburu,2019-06,2.0,0
1765,Samburu,2019-10,2.4615384615384617,1
1766,Samburu,2020-02,2.0,0
1767,Samburu,2020-06,2.0,0
1768,Samburu,2020-10,2.0,0
1769,Samburu,2021-02,2.1923076923076925,1
1770,Samburu,2021-06,2.1923076923076925,1
1771,Samburu,2021-10,2.8076923076923075,1
1772,Samburu,2022-02,3.0,1
1773,Samburu,2022-06,3.0,1
1774,Samburu,2022-10,3.0,1
1775,Samburu,2023-02,2.8076923076923075,1
1776,Samburu,2023-06,3.0,1
1777,Samburu,2023-10,3.0,1
1778,Samburu,2024-02,2.0384615384615383,1
1779,Samburu,2024-06,2.0,0
1780,Samburu,2024-10,2.0,0
1781,Samburu,2025-10,2.0,0
1782,Siaya,2011-07,1.0,0
1783,Siaya,2011-10,1.0,0
1784,Siaya,2012-01,1.0,0
1785,Siaya,2012-04,1.0,0
1786,Siaya,2012-07,1.0,0
1787,Siaya,2012-10,1.0,0
1788,Siaya,2013-01,1.0,0
1789,Siaya,2013-04,1.0,0
1790,Siaya,2013-07,1.0,0
1791,Siaya,2013-10,1.0,0
1792,Siaya,2014-01,1.0,0
1793,Siaya,2014-04,1.0,0
1794,Siaya,2014-07,1.0,0
1795,Siaya,2014-10,1.0,0
1796,Siaya,2015-01,1.0,0
1797,Siaya,2015-04,1.0,0
1798,Siaya,2015-07,1.0,0
1799,Siaya,2015-10,1.0,0
1800,Siaya,2016-02,1.0,0
1801,Siaya,2016-06,1.0,0
1802,Siaya,2016-10,1.0,0
1803,Siaya,2017-02,1.0,0
1804,Siaya,2017-06,1.0,0
1805,Siaya,2017-10,1.0,0
1806,Siaya,2018-02,1.0,0
1807,Siaya,2018-06,1.0,0
1808,Siaya,2018-12,1.0,0
1809,Siaya,2019-02,1.0,0
1810,Siaya,2019-06,1.0,0
1811,Siaya,2019-10,1.0,0
1812,Siaya,2020-02,1.0,0
1813,Siaya,2020-06,1.0,0
1814,Siaya,2020-10,1.0,0
1815,Siaya,2021-02,1.0,0
1816,Siaya,2021-06,1.0,0
1817,Siaya,2021-10,1.0,0
1818,Siaya,2022-02,1.0,0
1819,Siaya,2022-06,1.0,0
1820,Siaya,2022-10,1.0,0
1821,Siaya,2023-02,1.0,0
1822,Siaya,2023-06,1.0,0
1823,Siaya,2023-10,1.0,0
1824,Siaya,2024-02,1.0,0
1825,Siaya,2024-06,1.0,0
1826,Siaya,2024-10,1.0,0
1827,Siaya,2025-10,1.0,0
1828,Taita Taveta,2011-07,1.7142857142857142,0
1829,Taita Taveta,2011-10,2.2857142857142856,1
1830,Taita Taveta,2012-01,2.0,0
1831,Taita Taveta,2012-04,2.0,0
1832,Taita Taveta,2012-07,2.0,0
1833,Taita Taveta,2012-10,2.142857142857143,1
1834,Taita Taveta,2013-01,2.2857142857142856,1
1835,Taita Taveta,2013-04,2.0,0
1836,Taita Taveta,2013-07,2.0,0
1837,Taita Taveta,2013-10,2.0,0
1838,Taita Taveta,2014-01,2.0,0
1839,Taita Taveta,2014-04,2.0,0
1840,Taita Taveta,2014-07,1.8571428571428572,0
1841,Taita Taveta,2014-10,1.5714285714285714,0
1842,Taita Taveta,2015-01,1.7142857142857142,0
1843,Taita Taveta,2015-04,1.7142857142857142,0
1844,Taita Taveta,2015-07,1.7142857142857142,0
1845,Taita Taveta,2015-10,1.4285714285714286,0
1846,Taita Taveta,2016-02,1.0,0
1847,Taita Taveta,2016-06,1.0,0
1848,Taita Taveta,2016-10,1.6,0
1849,Taita Taveta,2017-02,2.0,0
1850,Taita Taveta,2017-06,2.2,1
1851,Taita Taveta,2017-10,1.4,0
1852,Taita Taveta,2018-02,1.6,0
1853,Taita Taveta,2018-06,1.0,0
1854,Taita Taveta,2018-12,1.0,0
1855,Taita Taveta,2019-02,1.4,0
1856,Taita Taveta,2019-06,2.0,0
1857,Taita Taveta,2019-10,2.0,0
1858,Taita Taveta,2020-02,1.0,0
1859,Taita Taveta,2020-06,1.0,0
1860,Taita Taveta,2020-10,2.0,0
1861,Taita Taveta,2021-02,1.0,0
1862,Taita Taveta,2021-06,1.8,0
1863,Taita Taveta,2021-10,2.0,0
1864,Taita Taveta,2022-02,2.0,0
1865,Taita Taveta,2022-06,2.0,0
1866,Taita Taveta,2022-10,2.0,0
1867,Taita Taveta,2023-02,2.0,0
1868,Taita Taveta,2023-06,2.0,0
1869,Taita Taveta,2023-10,2.0,0
1870,Taita Taveta,2024-02,1.0,0
1871,Taita Taveta,2024-06,1.0,0
1872,Taita Taveta,2024-10,1.0,0
1873,Taita Taveta,2025-10,2.0,0
1874,Tana River,2011-07,3.125,1
1875,Tana River,2011-10,2.5,1
1876,Tana River,2012-01,2.125,1
1877,Tana River,2012-04,2.125,1
1878,Tana River,2012-07,2.0,0
1879,Tana River,2012-10,2.375,1
1880,Tana River,2013-01,2.0,0
1881,Tana River,2013-04,2.0,0
1882,Tana River,2013-07,2.0,0
1883,Tana River,2013-10,2.0,0
1884,Tana River,2014-01,2.0,0
1885,Tana River,2014-04,2.0,0
1886,Tana River,2014-07,1.875,0
1887,Tana River,2014-10,1.625,0
1888,Tana River,2015-01,1.625,0
1889,Tana River,2015-04,1.5,0
1890,Tana River,2015-07,1.625,0
1891,Tana River,2015-10,1.5,0
1892,Tana River,2016-02,1.0,0
1893,Tana River,2016-06,1.3823529411764706,0
1894,Tana River,2016-10,2.0588235294117645,1
1895,Tana River,2017-02,2.2941176470588234,1
1896,Tana River,2017-06,2.3823529411764706,1
1897,Tana River,2017-10,2.3529411764705883,1
1898,Tana River,2018-02,2.088235294117647,1
1899,Tana River,2018-06,1.6176470588235294,1
1900,Tana River,2018-12,1.9411764705882353,0
1901,Tana River,2019-02,2.0,0
1902,Tana River,2019-06,2.2058823529411766,1
1903,Tana River,2019-10,2.823529411764706,1
1904,Tana River,2020-02,2.2941176470588234,1
1905,Tana River,2020-06,2.2941176470588234,1
1906,Tana River,2020-10,2.0,0
1907,Tana River,2021-02,2.0294117647058822,1
1908,Tana River,2021-06,2.0294117647058822,1
1909,Tana River,2021-10,2.911764705882353,1
1910,Tana River,2022-02,3.0,1
1911,Tana River,2022-06,3.0294117647058822,1
1912,Tana River,2022-10,3.0294117647058822,1
1913,Tana River,2023-02,3.0,1
1914,Tana River,2023-06,3.0,1
1915,Tana River,2023-10,3.0,1
1916,Tana River,2024-02,2.0294117647058822,1
1917,Tana River,2024-06,2.264705882352941,1
1918,Tana River,2024-10,2.2941176470588234,1
1919,Tana River,2025-10,2.0294117647058822,1
1920,Tharaka-Nithi,2011-07,1.4444444444444444,1
1921,Tharaka-Nithi,2011-10,1.5555555555555556,1
1922,Tharaka-Nithi,2012-01,1.2222222222222223,0
1923,Tharaka-Nithi,2012-04,1.1111111111111112,0
1924,Tharaka-Nithi,2012-07,1.1111111111111112,0
1925,Tharaka-Nithi,2012-10,1.1111111111111112,0
1926,Tharaka-Nithi,2013-01,1.1111111111111112,0
1927,Tharaka-Nithi,2013-04,1.1111111111111112,0
1928,Tharaka-Nithi,2013-07,1.3333333333333333,0
1929,Tharaka-Nithi,2013-10,1.3333333333333333,0
1930,Tharaka-Nithi,2014-01,1.4444444444444444,0
1931,Tharaka-Nithi,2014-04,1.4444444444444444,0
1932,Tharaka-Nithi,2014-07,1.3333333333333333,0
1933,Tharaka-Nithi,2014-10,1.3333333333333333,0
1934,Tharaka-Nithi,2015-01,1.3333333333333333,0
1935,Tharaka-Nithi,2015-04,1.3333333333333333,0
1936,Tharaka-Nithi,2015-07,1.3333333333333333,0
1937,Tharaka-Nithi,2015-10,1.2222222222222223,0
1938,Tharaka-Nithi,2016-02,1.0,0
1939,Tharaka-Nithi,2016-06,1.0,0
1940,Tharaka-Nithi,2016-10,1.0,0
1941,Tharaka-Nithi,2017-02,2.0,0
1942,Tharaka-Nithi,2017-06,2.0,0
1943,Tharaka-Nithi,2017-10,1.2,0
1944,Tharaka-Nithi,2018-02,1.2,0
1945,Tharaka-Nithi,2018-06,1.0,0
1946,Tharaka-Nithi,2018-12,1.0,0
1947,Tharaka-Nithi,2019-02,1.2,0
1948,Tharaka-Nithi,2019-06,1.2,0
1949,Tharaka-Nithi,2019-10,2.6,1
1950,Tharaka-Nithi,2020-02,1.8,0
1951,Tharaka-Nithi,2020-06,1.8,0
1952,Tharaka-Nithi,2020-10,2.0,0
1953,Tharaka-Nithi,2021-02,2.0,0
1954,Tharaka-Nithi,2021-06,2.0,0
1955,Tharaka-Nithi,2021-10,1.2,0
1956,Tharaka-Nithi,2022-02,1.2,0
1957,Tharaka-Nithi,2022-06,1.4,1
1958,Tharaka-Nithi,2022-10,1.4,1
1959,Tharaka-Nithi,2023-02,1.2,0
1960,Tharaka-Nithi,2023-06,1.4,1
1961,Tharaka-Nithi,2023-10,1.2,0
1962,Tharaka-Nithi,2024-02,1.2,0
1963,Tharaka-Nithi,2024-06,1.2,0
1964,Tharaka-Nithi,2024-10,1.2,0
1965,Tharaka-Nithi,2025-10,1.2,0
1966,Trans Nzoia,2011-07,1.0,0
1967,Trans Nzoia,2011-10,1.0,0
1968,Trans Nzoia,2012-01,1.0,0
1969,Trans Nzoia,2012-04,1.0,0
1970,Trans Nzoia,2012-07,1.0,0
1971,Trans Nzoia,2012-10,1.0,0
1972,Trans Nzoia,2013-01,1.0,0
1973,Trans Nzoia,2013-04,1.0,0
1974,Trans Nzoia,2013-07,1.0,0
1975,Trans Nzoia,2013-10,1.0,0
1976,Trans Nzoia,2014-01,1.0,0
1977,Trans Nzoia,2014-04,1.0,0
1978,Trans Nzoia,2014-07,1.0,0
1979,Trans Nzoia,2014-10,1.0,0
1980,Trans Nzoia,2015-01,1.0,0
1981,Trans Nzoia,2015-04,1.0,0
1982,Trans Nzoia,2015-07,1.0,0
1983,Trans Nzoia,2015-10,1.0,0
1984,Trans Nzoia,2016-02,1.0,0
1985,Trans Nzoia,2016-06,1.0,0
1986,Trans Nzoia,2016-10,1.0,0
1987,Trans Nzoia,2017-02,1.0,0
1988,Trans Nzoia,2017-06,1.125,0
1989,Trans Nzoia,2017-10,1.0,0
1990,Trans Nzoia,2018-02,1.0,0
1991,Trans Nzoia,2018-06,1.0,0
1992,Trans Nzoia,2018-12,1.0,0
1993,Trans Nzoia,2019-02,1.0,0
1994,Trans Nzoia,2019-06,1.0,0
1995,Trans Nzoia,2019-10,1.0,0
1996,Trans Nzoia,2020-02,1.0,0
1997,Trans Nzoia,2020-06,1.0,0
1998,Trans Nzoia,2020-10,1.0,0
1999,Trans Nzoia,2021-02,1.0,0
2000,Trans Nzoia,2021-06,1.0,0
2001,Trans Nzoia,2021-10,1.0,0
2002,Trans Nzoia,2022-02,1.0,0
2003,Trans Nzoia,2022-06,1.0,0
2004,Trans Nzoia,2022-10,1.0,0
2005,Trans Nzoia,2023-02,1.0,0
2006,Trans Nzoia,2023-06,1.0,0
2007,Trans Nzoia,2023-10,1.0,0
2008,Trans Nzoia,2024-02,1.0,0
2009,Trans Nzoia,2024-06,1.0,0
2010,Trans Nzoia,2024-10,1.0,0
2011,Trans Nzoia,2025-10,1.0,0
2012,Turkana,2011-01,2.0,0
2013,Turkana,2011-04,2.0,0
2014,Turkana,2011-07,3.411764705882353,1
2015,Turkana,2011-10,3.1176470588235294,1
2016,Turkana,2012-01,2.3529411764705883,1
2017,Turkana,2012-04,2.176470588235294,1
2018,Turkana,2012-07,2.0588235294117645,1
2019,Turkana,2012-10,1.9411764705882353,0
2020,Turkana,2013-01,1.9411764705882353,0
2021,Turkana,2013-04,2.0,0
2022,Turkana,2013-07,2.0,0
2023,Turkana,2013-10,2.0,0
2024,Turkana,2014-01,2.235294117647059,1
2025,Turkana,2014-04,2.2941176470588234,1
2026,Turkana,2014-07,2.235294117647059,1
2027,Turkana,2014-10,2.176470588235294,1
2028,Turkana,2015-01,2.0,0
2029,Turkana,2015-04,2.0588235294117645,1
2030,Turkana,2015-07,2.0,0
2031,Turkana,2015-10,2.0,0
2032,Turkana,2016-02,2.0,0
2033,Turkana,2016-06,1.9574468085106382,0
2034,Turkana,2016-10,2.0,0
2035,Turkana,2017-02,2.3617021276595747,1
2036,Turkana,2017-06,2.4680851063829787,1
2037,Turkana,2017-10,2.0851063829787235,1
2038,Turkana,2018-02,2.595744680851064,1
2039,Turkana,2018-06,1.2127659574468086,0
2040,Turkana,2018-12,1.9787234042553192,0
2041,Turkana,2019-02,2.0,0
2042,Turkana,2019-06,2.5319148936170213,1
2043,Turkana,2019-10,3.0,1
2044,Turkana,2020-02,2.0,0
2045,Turkana,2020-06,2.0,0
2046,Turkana,2020-10,2.127659574468085,1
2047,Turkana,2021-02,3.0,1
2048,Turkana,2021-06,3.0,1
2049,Turkana,2021-10,3.0,1
2050,Turkana,2022-02,3.0,1
2051,Turkana,2022-06,4.0,1
2052,Turkana,2022-10,4.0,1
2053,Turkana,2023-02,3.0,1
2054,Turkana,2023-06,3.0,1
2055,Turkana,2023-10,3.0,1
2056,Turkana,2024-02,3.0,1
2057,Turkana,2024-06,2.0,0
2058,Turkana,2024-10,2.872340425531915,1
2059,Turkana,2025-10,3.0,1
2060,Uasin Gishu,2011-01,1.0,0
2061,Uasin Gishu,2011-04,1.0,0
2062,Uasin Gishu,2011-07,1.0,0
2063,Uasin Gishu,2011-10,1.0,0
2064,Uasin Gishu,2012-01,1.0,0
2065,Uasin Gishu,2012-04,1.0,0
2066,Uasin Gishu,2012-07,1.0,0
2067,Uasin Gishu,2012-10,1.0,0
2068,Uasin Gishu,2013-01,1.0,0
2069,Uasin Gishu,2013-04,1.0,0
2070,Uasin Gishu,2013-07,1.0,0
2071,Uasin Gishu,2013-10,1.0,0
2072,Uasin Gishu,2014-01,1.0,0
2073,Uasin Gishu,2014-04,1.0,0
2074,Uasin Gishu,2014-07,1.0,0
2075,Uasin Gishu,2014-10,1.0,0
2076,Uasin Gishu,2015-01,1.0,0
2077,Uasin Gishu,2015-04,1.0,0
2078,Uasin Gishu,2015-07,1.0,0
2079,Uasin Gishu,2015-10,1.0,0
2080,Uasin Gishu,2016-02,1.0,0
2081,Uasin Gishu,2016-06,1.0,0
2082,Uasin Gishu,2016-10,1.0,0
2083,Uasin Gishu,2017-02,1.0,0
2084,Uasin Gishu,2017-06,1.0,0
2085,Uasin Gishu,2017-10,1.0,0
2086,Uasin Gishu,2018-02,1.0,0
2087,Uasin Gishu,2018-06,1.0,0
2088,Uasin Gishu,2018-12,1.0,0
2089,Uasin Gishu,2019-02,1.0,0
2090,Uasin Gishu,2019-06,1.0,0
2091,Uasin Gishu,2019-10,1.0,0
2092,Uasin Gishu,2020-02,1.0,0
2093,Uasin Gishu,2020-06,1.0,0
2094,Uasin Gishu,2020-10,1.0,0
2095,Uasin Gishu,2021-02,1.0,0
2096,Uasin Gishu,2021-06,1.0,0
2097,Uasin Gishu,2021-10,1.0,0
2098,Uasin Gishu,2022-02,1.0,0
2099,Uasin Gishu,2022-06,1.0,0
2100,Uasin Gishu,2022-10,1.0,0
2101,Uasin Gishu,2023-02,1.0,0
2102,Uasin Gishu,2023-06,1.0,0
2103,Uasin Gishu,2023-10,1.0,0
2104,Uasin Gishu,2024-02,1.0,0
2105,Uasin Gishu,2024-06,1.0,0
2106,Uasin Gishu,2024-10,1.0,0
2107,Uasin Gishu,2025-10,1.0,0
2108,Vihiga,2011-07,1.0,0
2109,Vihiga,2011-10,1.0,0
2110,Vihiga,2012-01,1.0,0
2111,Vihiga,2012-04,1.0,0
2112,Vihiga,2012-07,1.0,0
2113,Vihiga,2012-10,1.0,0
2114,Vihiga,2013-01,1.0,0
2115,Vihiga,2013-04,1.0,0
2116,Vihiga,2013-07,1.0,0
2117,Vihiga,2013-10,1.0,0
2118,Vihiga,2014-01,1.0,0
2119,Vihiga,2014-04,1.0,0
2120,Vihiga,2014-07,1.0,0
2121,Vihiga,2014-10,1.0,0
2122,Vihiga,2015-01,1.0,0
2123,Vihiga,2015-04,1.0,0
2124,Vihiga,2015-07,1.0,0
2125,Vihiga,2015-10,1.0,0
2126,Vihiga,2016-02,1.0,0
2127,Vihiga,2016-06,1.0,0
2128,Vihiga,2016-10,1.0,0
2129,Vihiga,2017-02,1.0,0
2130,Vihiga,2017-06,1.0,0
2131,Vihiga,2017-10,1.0,0
2132,Vihiga,2018-02,1.0,0
2133,Vihiga,2018-06,1.0,0
2134,Vihiga,2018-12,1.0,0
2135,Vihiga,2019-02,1.0,0
2136,Vihiga,2019-06,1.0,0
2137,Vihiga,2019-10,1.0,0
2138,Vihiga,2020-02,1.0,0
2139,Vihiga,2020-06,1.0,0
2140,Vihiga,2020-10,1.0,0
2141,Vihiga,2021-02,1.0,0
2142,Vihiga,2021-06,1.0,0
2143,Vihiga,2021-10,1.0,0
2144,Vihiga,2022-02,1.0,0
2145,Vihiga,2022-06,1.0,0
2146,Vihiga,2022-10,1.0,0
2147,Vihiga,2023-02,1.0,0
2148,Vihiga,2023-06,1.0,0
2149,Vihiga,2023-10,1.0,0
2150,Vihiga,2024-02,1.0,0
2151,Vihiga,2024-06,1.0,0
2152,Vihiga,2024-10,1.0,0
2153,Vihiga,2025-10,1.0,0
2154,Wajir,2011-01,3.0,1
2155,Wajir,2011-04,3.0,1
2156,Wajir,2011-07,3.2857142857142856,1
2157,Wajir,2011-10,3.857142857142857,1
2158,Wajir,2012-01,2.857142857142857,1
2159,Wajir,2012-04,2.357142857142857,1
2160,Wajir,2012-07,2.0,0
2161,Wajir,2012-10,2.357142857142857,1
2162,Wajir,2013-01,2.0,0
2163,Wajir,2013-04,2.0,0
2164,Wajir,2013-07,2.0,0
2165,Wajir,2013-10,2.0,0
2166,Wajir,2014-01,2.0,0
2167,Wajir,2014-04,2.0,0
2168,Wajir,2014-07,2.0,0
2169,Wajir,2014-10,2.2142857142857144,1
2170,Wajir,2015-01,2.142857142857143,1
2171,Wajir,2015-04,2.2142857142857144,1
2172,Wajir,2015-07,2.0714285714285716,1
2173,Wajir,2015-10,2.0714285714285716,1
2174,Wajir,2016-02,1.6428571428571428,0
2175,Wajir,2016-06,1.8974358974358974,0
2176,Wajir,2016-10,2.0,0
2177,Wajir,2017-02,2.358974358974359,1
2178,Wajir,2017-06,2.3333333333333335,1
2179,Wajir,2017-10,2.358974358974359,1
2180,Wajir,2018-02,2.2564102564102564,1
2181,Wajir,2018-06,2.0,0
2182,Wajir,2018-12,2.0,0
2183,Wajir,2019-02,2.0,0
2184,Wajir,2019-06,2.3333333333333335,1
2185,Wajir,2019-10,3.0,1
2186,Wajir,2020-02,2.0,0
2187,Wajir,2020-06,2.0,0
2188,Wajir,2020-10,2.0,0
2189,Wajir,2021-02,2.230769230769231,1
2190,Wajir,2021-06,2.230769230769231,1
2191,Wajir,2021-10,3.0,1
2192,Wajir,2022-02,3.0,1
2193,Wajir,2022-06,3.0,1
2194,Wajir,2022-10,3.0,1
2195,Wajir,2023-02,3.0,1
2196,Wajir,2023-06,3.0,1
2197,Wajir,2023-10,3.0,1
2198,Wajir,2024-02,3.0,1
2199,Wajir,2024-06,2.0,0
2200,Wajir,2024-10,2.0,0
2201,Wajir,2025-10,2.0,0
2202,West Pokot,2011-01,2.0,0
2203,West Pokot,2011-04,2.0,0
2204,West Pokot,2011-07,2.0,0
2205,West Pokot,2011-10,2.4444444444444446,1
2206,West Pokot,2012-01,1.8888888888888888,0
2207,West Pokot,2012-04,1.7777777777777777,0
2208,West Pokot,2012-07,1.7777777777777777,0
2209,West Pokot,2012-10,1.7777777777777777,0
2210,West Pokot,2013-01,1.7777777777777777,0
2211,West Pokot,2013-04,1.7777777777777777,0
2212,West Pokot,2013-07,2.0,0
2213,West Pokot,2013-10,2.0,0
2214,West Pokot,2014-01,2.0,0
2215,West Pokot,2014-04,2.0,0
2216,West Pokot,2014-07,1.8888888888888888,0
2217,West Pokot,2014-10,1.8888888888888888,0
2218,West Pokot,2015-01,1.3333333333333333,0
2219,West Pokot,2015-04,1.3333333333333333,0
2220,West Pokot,2015-07,1.4444444444444444,0
2221,West Pokot,2015-10,1.5555555555555556,0
2222,West Pokot,2016-02,1.1111111111111112,0
2223,West Pokot,2016-06,1.0,0
2224,West Pokot,2016-10,1.3333333333333333,0
2225,West Pokot,2017-02,2.3333333333333335,1
2226,West Pokot,2017-06,2.5555555555555554,1
2227,West Pokot,2017-10,1.0,0
2228,West Pokot,2018-02,1.7777777777777777,0
2229,West Pokot,2018-06,1.0,0
2230,West Pokot,2018-12,1.4444444444444444,0
2231,West Pokot,2019-02,1.6666666666666667,0
2232,West Pokot,2019-06,1.3333333333333333,0
2233,West Pokot,2019-10,1.7777777777777777,0
2234,West Pokot,2020-02,1.0,0
2235,West Pokot,2020-06,1.0,0
2236,West Pokot,2020-10,1.3333333333333333,0
2237,West Pokot,2021-02,1.3333333333333333,0
2238,West Pokot,2021-06,1.6666666666666667,0
2239,West Pokot,2021-10,2.0,0
2240,West Pokot,2022-02,1.2222222222222223,0
2241,West Pokot,2022-06,2.0,0
2242,West Pokot,2022-10,2.0,0
2243,West Pokot,2023-02,1.8888888888888888,1
2244,West Pokot,2023-06,1.8888888888888888,1
2245,West Pokot,2023-10,1.7777777777777777,0
2246,West Pokot,2024-02,1.0,0
2247,West Pokot,2024-06,1.0,0
2248,West Pokot,2024-10,1.0,0
2249,West Pokot,2025-10,2.0,0
