County,Month,maize_price_per_kg,price_lag1,price_lag2,price_pct_change
Baringo,2015-01,47.0,0.0,0.0,0.0
Baringo,2015-02,47.0,47.0,0.0,0.0
Baringo,2015-03,38.0,47.0,47.0,-0.19148936170212771
Baringo,2015-04,42.0,38.0,47.0,0.10526315789473695
Baringo,2015-05,45.0,42.0,38.0,0.0714285714285714
Baringo,2015-06,45.0,45.0,42.0,0.0
Baringo,2015-07,44.0,45.0,45.0,-0.022222222222222254
Baringo,2015-08,44.0,44.0,45.0,0.0
Baringo,2015-09,44.0,44.0,44.0,0.0
Baringo,2015-10,44.0,44.0,44.0,0.0
Baringo,2015-11,39.0,44.0,44.0,-0.11363636363636365
Baringo,2015-12,39.0,39.0,44.0,0.0
Baringo,2016-01,41.0,39.0,39.0,0.05128205128205132
Baringo,2016-02,39.0,41.0,39.0,-0.04878048780487809
Baringo,2016-03,40.0,39.0,41.0,0.02564102564102555
Baringo,2016-04,40.0,40.0,39.0,0.0
Baringo,2016-05,43.0,40.0,40.0,0.07499999999999996
Baringo,2016-06,43.0,43.0,40.0,0.0
Baringo,2016-07,41.0,43.0,43.0,-0.046511627906976716
Baringo,2016-08,41.0,41.0,43.0,0.0
Baringo,2016-09,37.0,41.0,41.0,-0.09756097560975607
Baringo,2016-10,43.0,37.0,41.0,0.16216216216216206
Baringo,2016-11,43.0,43.0,37.0,0.0
Baringo,2016-12,43.0,43.0,43.0,0.0
Baringo,2017-01,43.0,43.0,43.0,0.0
Baringo,2017-02,52.0,43.0,43.0,0.20930232558139528
Baringo,2017-03,57.0,52.0,43.0,0.09615384615384626
Baringo,2017-04,62.0,57.0,52.0,0.08771929824561409
Baringo,2017-05,62.0,62.0,57.0,0.0
Baringo,2017-06,81.0,62.0,62.0,0.30645161290322576
Baringo,2017-07,81.0,81.0,62.0,0.0
Baringo,2017-08,81.0,81.0,81.0,0.0
Baringo,2017-09,53.0,81.0,81.0,-0.345679012345679
Baringo,2017-10,53.0,53.0,81.0,0.0
Baringo,2017-11,50.0,53.0,53.0,-0.05660377358490565
Baringo,2017-12,50.0,50.0,53.0,0.0
Baringo,2018-01,52.0,50.0,50.0,0.040000000000000036
Baringo,2018-02,53.0,52.0,50.0,0.019230769230769162
Baringo,2018-03,52.0,53.0,52.0,-0.018867924528301883
Baringo,2018-04,43.0,52.0,53.0,-0.17307692307692313
Baringo,2018-05,44.0,43.0,52.0,0.023255813953488413
Baringo,2018-06,40.0,44.0,43.0,-0.09090909090909094
Baringo,2018-07,40.0,40.0,44.0,0.0
Baringo,2018-08,38.0,40.0,40.0,-0.050000000000000044
Baringo,2018-09,36.0,38.0,40.0,-0.052631578947368474
Baringo,2018-10,36.0,36.0,38.0,0.0
Baringo,2018-11,35.0,36.0,36.0,-0.02777777777777779
Baringo,2018-12,36.0,35.0,36.0,0.02857142857142847
Baringo,2019-01,36.0,36.0,35.0,0.0
Baringo,2019-02,36.0,36.0,36.0,0.0
Baringo,2019-03,36.0,36.0,36.0,0.0
Baringo,2019-04,44.0,36.0,36.0,0.22222222222222232
Baringo,2019-05,44.0,44.0,36.0,0.0
Baringo,2019-06,51.0,44.0,44.0,0.15909090909090917
Baringo,2019-07,55.7,51.0,44.0,0.09215686274509816
Baringo,2019-08,55.7,55.7,51.0,0.0
Baringo,2019-09,46.5,55.7,55.7,-0.1651705565529623
Baringo,2019-10,44.0,46.5,55.7,-0.053763440860215006
Baringo,2019-11,44.0,44.0,46.5,0.0
Baringo,2019-12,46.0,44.0,44.0,0.045454545454545414
Baringo,2020-01,46.0,46.0,44.0,0.0
Baringo,2020-02,47.3,46.0,46.0,0.02826086956521734
Baringo,2020-03,47.3,47.3,46.0,0.0
Baringo,2020-04,51.7,47.3,47.3,0.09302325581395365
Baringo,2020-05,52.0,51.7,47.3,0.005802707930367523
Baringo,2020-06,51.0,52.0,51.7,-0.019230769230769273
Baringo,2020-07,51.0,51.0,52.0,0.0
Baringo,2020-08,41.0,51.0,51.0,-0.196078431372549
Baringo,2020-09,39.0,41.0,51.0,-0.04878048780487809
Baringo,2020-10,39.0,39.0,41.0,0.0
Baringo,2020-11,39.0,39.0,39.0,0.0
Baringo,2020-12,40.0,39.0,39.0,0.02564102564102555
Baringo,2021-01,40.0,40.0,39.0,0.0
Baringo,2021-02,40.0,40.0,40.0,0.0
Baringo,2021-03,40.0,40.0,40.0,0.0
Baringo,2021-04,30.0,40.0,40.0,-0.25
Baringo,2021-05,35.0,30.0,40.0,0.16666666666666674
Baringo,2021-06,35.0,35.0,30.0,0.0
Baringo,2021-07,35.0,35.0,35.0,0.0
Baringo,2021-08,35.0,35.0,35.0,0.0
Baringo,2021-09,35.0,35.0,35.0,0.0
Baringo,2021-10,35.0,35.0,35.0,0.0
Baringo,2021-11,35.0,35.0,35.0,0.0
Baringo,2021-12,35.0,35.0,35.0,0.0
Baringo,2022-01,35.0,35.0,35.0,0.0
Baringo,2022-02,40.0,35.0,35.0,0.1428571428571428
Baringo,2022-03,40.0,40.0,35.0,0.0
Baringo,2022-04,40.0,40.0,40.0,0.0
Baringo,2022-05,40.0,40.0,40.0,0.0
Baringo,2022-06,40.0,40.0,40.0,0.0
Baringo,2022-07,40.0,40.0,40.0,0.0
Baringo,2022-08,40.0,40.0,40.0,0.0
Baringo,2022-09,40.0,40.0,40.0,0.0
Baringo,2022-10,40.0,40.0,40.0,0.0
Baringo,2022-11,40.0,40.0,40.0,0.0
Baringo,2022-12,40.0,40.0,40.0,0.0
Baringo,2023-01,40.0,40.0,40.0,0.0
Baringo,2023-02,40.0,40.0,40.0,0.0
Baringo,2023-03,40.0,40.0,40.0,0.0
Baringo,2023-04,40.0,40.0,40.0,0.0
Baringo,2023-05,40.0,40.0,40.0,0.0
Baringo,2023-06,40.0,40.0,40.0,0.0
Baringo,2023-07,40.0,40.0,40.0,0.0
Baringo,2023-08,40.0,40.0,40.0,0.0
Baringo,2023-09,40.0,40.0,40.0,0.0
Baringo,2023-10,40.0,40.0,40.0,0.0
Baringo,2023-11,40.0,40.0,40.0,0.0
Baringo,2023-12,40.0,40.0,40.0,0.0
Baringo,2024-01,40.0,40.0,40.0,0.0
Baringo,2024-02,40.0,40.0,40.0,0.0
Baringo,2024-03,40.0,40.0,40.0,0.0
Baringo,2024-04,40.0,40.0,40.0,0.0
Baringo,2024-05,40.0,40.0,40.0,0.0
Baringo,2024-06,40.0,40.0,40.0,0.0
Baringo,2024-07,40.0,40.0,40.0,0.0
Baringo,2024-08,40.0,40.0,40.0,0.0
Baringo,2024-09,40.0,40.0,40.0,0.0
Baringo,2024-10,40.0,40.0,40.0,0.0
Baringo,2024-11,40.0,40.0,40.0,0.0
Baringo,2024-12,40.0,40.0,40.0,0.0
Baringo,2025-01,40.0,40.0,40.0,0.0
Baringo,2025-02,40.0,40.0,40.0,0.0
Baringo,2025-03,40.0,40.0,40.0,0.0
Baringo,2025-04,40.0,40.0,40.0,0.0
Baringo,2025-05,40.0,40.0,40.0,0.0
Baringo,2025-06,40.0,40.0,40.0,0.0
Baringo,2025-07,40.0,40.0,40.0,0.0
Baringo,2025-08,40.0,40.0,40.0,0.0
Baringo,2025-09,40.0,40.0,40.0,0.0
Baringo,2025-10,40.0,40.0,40.0,0.0
Baringo,2025-11,40.0,40.0,40.0,0.0
Garissa,2015-01,65.0,0.0,0.0,0.0
Garissa,2015-02,65.0,65.0,0.0,0.0
Garissa,2015-03,65.0,65.0,65.0,0.0
Garissa,2015-04,65.0,65.0,65.0,0.0
Garissa,2015-05,60.0,65.0,65.0,-0.07692307692307687
Garissa,2015-06,50.0,60.0,65.0,-0.16666666666666663
Garissa,2015-07,50.0,50.0,60.0,0.0
Garissa,2015-08,50.0,50.0,50.0,0.0
Garissa,2015-09,50.0,50.0,50.0,0.0
Garissa,2015-10,50.0,50.0,50.0,0.0
Garissa,2015-11,50.0,50.0,50.0,0.0
Garissa,2015-12,50.0,50.0,50.0,0.0
Garissa,2016-01,50.0,50.0,50.0,0.0
Garissa,2016-02,50.0,50.0,50.0,0.0
Garissa,2016-03,50.0,50.0,50.0,0.0
Garissa,2016-04,50.0,50.0,50.0,0.0
Garissa,2016-05,51.0,50.0,50.0,0.020000000000000018
Garissa,2016-06,60.0,51.0,50.0,0.17647058823529416
Garissa,2016-07,50.0,60.0,51.0,-0.16666666666666663
Garissa,2016-08,50.0,50.0,60.0,0.0
Garissa,2016-09,50.0,50.0,50.0,0.0
Garissa,2016-10,55.0,50.0,50.0,0.10000000000000009
Garissa,2016-11,55.0,55.0,50.0,0.0
Garissa,2016-12,55.0,55.0,55.0,0.0
Garissa,2017-01,55.0,55.0,55.0,0.0
Garissa,2017-02,55.0,55.0,55.0,0.0
Garissa,2017-03,59.0,55.0,55.0,0.07272727272727275
Garissa,2017-04,59.0,59.0,55.0,0.0
Garissa,2017-05,50.0,59.0,59.0,-0.15254237288135597
Garissa,2017-06,60.0,50.0,59.0,0.19999999999999996
Garissa,2017-07,60.0,60.0,50.0,0.0
Garissa,2017-08,60.0,60.0,60.0,0.0
Garissa,2017-09,65.0,60.0,60.0,0.08333333333333326
Garissa,2017-10,65.0,65.0,60.0,0.0
Garissa,2017-11,65.0,65.0,65.0,0.0
Garissa,2017-12,65.0,65.0,65.0,0.0
Garissa,2018-01,65.0,65.0,65.0,0.0
Garissa,2018-02,65.0,65.0,65.0,0.0
Garissa,2018-03,65.0,65.0,65.0,0.0
Garissa,2018-04,80.0,65.0,65.0,0.23076923076923084
Garissa,2018-05,80.0,80.0,65.0,0.0
Garissa,2018-06,80.0,80.0,80.0,0.0
Garissa,2018-07,60.0,80.0,80.0,-0.25
Garissa,2018-08,60.0,60.0,80.0,0.0
Garissa,2018-09,60.0,60.0,60.0,0.0
Garissa,2018-10,60.0,60.0,60.0,0.0
Garissa,2018-11,60.0,60.0,60.0,0.0
Garissa,2018-12,60.0,60.0,60.0,0.0
Garissa,2019-01,65.0,60.0,60.0,0.08333333333333326
Garissa,2019-02,65.0,65.0,60.0,0.0
Garissa,2019-03,65.0,65.0,65.0,0.0
Garissa,2019-04,65.0,65.0,65.0,0.0
Garissa,2019-05,65.0,65.0,65.0,0.0
Garissa,2019-06,67.0,65.0,65.0,0.03076923076923066
Garissa,2019-07,68.0,67.0,65.0,0.014925373134328401
Garissa,2019-08,68.0,68.0,67.0,0.0
Garissa,2019-09,68.0,68.0,68.0,0.0
Garissa,2019-10,67.0,68.0,68.0,-0.014705882352941124
Garissa,2019-11,67.0,67.0,68.0,0.0
Garissa,2019-12,68.0,67.0,67.0,0.014925373134328401
Garissa,2020-01,68.0,68.0,67.0,0.0
Garissa,2020-02,68.0,68.0,68.0,0.0
Garissa,2020-03,68.0,68.0,68.0,0.0
Garissa,2020-04,68.0,68.0,68.0,0.0
Garissa,2020-05,68.0,68.0,68.0,0.0
Garissa,2020-06,68.0,68.0,68.0,0.0
Garissa,2020-07,68.0,68.0,68.0,0.0
Garissa,2020-08,68.0,68.0,68.0,0.0
Garissa,2020-09,70.0,68.0,68.0,0.02941176470588225
Garissa,2020-10,70.0,70.0,68.0,0.0
Garissa,2020-11,70.0,70.0,70.0,0.0
Garissa,2020-12,70.0,70.0,70.0,0.0
Garissa,2021-01,45.0,70.0,70.0,-0.3571428571428571
Garissa,2021-02,45.0,45.0,70.0,0.0
Garissa,2021-03,62.0,45.0,45.0,0.37777777777777777
Garissa,2021-04,48.03,62.0,45.0,-0.2253225806451613
Garissa,2021-05,49.105000000000004,48.03,62.0,0.022381844680408047
Garissa,2021-06,49.620000000000005,49.105000000000004,48.03,0.010487730373688997
Garissa,2021-07,55.835,49.620000000000005,49.105000000000004,0.12525191455058438
Garissa,2021-08,71.185,55.835,49.620000000000005,0.2749171666517418
Garissa,2021-09,56.43,71.185,55.835,-0.2072768139355201
Garissa,2021-10,50.36,56.43,71.185,-0.10756689704058131
Garissa,2021-11,51.9,50.36,56.43,0.03057982525814129
Garissa,2021-12,61.665,51.9,50.36,0.188150289017341
Garissa,2022-01,68.75,61.665,51.9,0.1148949971620854
Garissa,2022-02,68.75,68.75,61.665,0.0
Garissa,2022-03,68.75,68.75,68.75,0.0
Garissa,2022-04,68.75,68.75,68.75,0.0
Garissa,2022-05,68.75,68.75,68.75,0.0
Garissa,2022-06,68.75,68.75,68.75,0.0
Garissa,2022-07,68.75,68.75,68.75,0.0
Garissa,2022-08,68.75,68.75,68.75,0.0
Garissa,2022-09,68.75,68.75,68.75,0.0
Garissa,2022-10,68.75,68.75,68.75,0.0
Garissa,2022-11,68.75,68.75,68.75,0.0
Garissa,2022-12,68.75,68.75,68.75,0.0
Garissa,2023-01,57.35,68.75,68.75,-0.16581818181818175
Garissa,2023-02,57.35,57.35,68.75,0.0
Garissa,2023-03,57.35,57.35,57.35,0.0
Garissa,2023-04,70.0,57.35,57.35,0.22057541412380122
Garissa,2023-05,57.175,70.0,57.35,-0.18321428571428577
Garissa,2023-06,67.18,57.175,70.0,0.17498906864888508
Garissa,2023-07,67.28,67.18,57.175,0.0014885382554330473
Garissa,2023-08,95.82333333333334,67.28,67.18,0.42424692826000787
Garissa,2023-09,71.25,95.82333333333334,67.28,-0.2564441506939855
Garissa,2023-10,77.5,71.25,95.82333333333334,0.08771929824561409
Garissa,2023-11,77.5,77.5,71.25,0.0
Garissa,2023-12,84.73,77.5,77.5,0.09329032258064518
Garissa,2024-01,55.0,84.73,77.5,-0.350879263543019
Garissa,2024-02,80.58500000000001,55.0,84.73,0.46518181818181836
Garissa,2024-03,79.1,80.58500000000001,55.0,-0.018427747099336256
Garissa,2024-04,79.1,79.1,80.58500000000001,0.0
Garissa,2024-05,79.1,79.1,79.1,0.0
Garissa,2024-06,58.12,79.1,79.1,-0.26523388116308466
Garissa,2024-07,72.45,58.12,79.1,0.24655884377150739
Garissa,2024-08,77.99,72.45,58.12,0.07646652864044157
Garissa,2024-09,65.0,77.99,72.45,-0.16655981536094366
Garissa,2024-10,65.0,65.0,77.99,0.0
Garissa,2024-11,70.0,65.0,65.0,0.07692307692307687
Garissa,2024-12,70.0,70.0,65.0,0.0
Garissa,2025-01,65.0,70.0,70.0,-0.0714285714285714
Garissa,2025-02,60.0,65.0,70.0,-0.07692307692307687
Garissa,2025-03,70.11,60.0,65.0,0.1685000000000001
Garissa,2025-04,70.11,70.11,60.0,0.0
Garissa,2025-05,70.0,70.11,70.11,-0.0015689630580516534
Garissa,2025-06,70.0,70.0,70.11,0.0
Garissa,2025-07,70.0,70.0,70.0,0.0
Garissa,2025-08,70.0,70.0,70.0,0.0
Garissa,2025-09,65.0,70.0,70.0,-0.0714285714285714
Garissa,2025-10,69.52,65.0,70.0,0.06953846153846155
Garissa,2025-11,58.35000000000001,69.52,65.0,-0.16067318757192162
Isiolo,2015-01,42.5,0.0,0.0,0.0
Isiolo,2015-02,42.5,42.5,0.0,0.0
Isiolo,2015-03,42.5,42.5,42.5,0.0
Isiolo,2015-04,42.5,42.5,42.5,0.0
Isiolo,2015-05,42.5,42.5,42.5,0.0
Isiolo,2015-06,42.5,42.5,42.5,0.0
Isiolo,2015-07,42.5,42.5,42.5,0.0
Isiolo,2015-08,42.5,42.5,42.5,0.0
Isiolo,2015-09,42.5,42.5,42.5,0.0
Isiolo,2015-10,42.5,42.5,42.5,0.0
Isiolo,2015-11,42.5,42.5,42.5,0.0
Isiolo,2015-12,42.5,42.5,42.5,0.0
Isiolo,2016-01,42.5,42.5,42.5,0.0
Isiolo,2016-02,42.5,42.5,42.5,0.0
Isiolo,2016-03,42.5,42.5,42.5,0.0
Isiolo,2016-04,42.5,42.5,42.5,0.0
Isiolo,2016-05,42.5,42.5,42.5,0.0
Isiolo,2016-06,42.5,42.5,42.5,0.0
Isiolo,2016-07,42.5,42.5,42.5,0.0
Isiolo,2016-08,42.5,42.5,42.5,0.0
Isiolo,2016-09,42.5,42.5,42.5,0.0
Isiolo,2016-10,42.5,42.5,42.5,0.0
Isiolo,2016-11,42.5,42.5,42.5,0.0
Isiolo,2016-12,42.5,42.5,42.5,0.0
Isiolo,2017-01,42.5,42.5,42.5,0.0
Isiolo,2017-02,42.5,42.5,42.5,0.0
Isiolo,2017-03,42.5,42.5,42.5,0.0
Isiolo,2017-04,42.5,42.5,42.5,0.0
Isiolo,2017-05,42.5,42.5,42.5,0.0
Isiolo,2017-06,42.5,42.5,42.5,0.0
Isiolo,2017-07,42.5,42.5,42.5,0.0
Isiolo,2017-08,42.5,42.5,42.5,0.0
Isiolo,2017-09,42.5,42.5,42.5,0.0
Isiolo,2017-10,42.5,42.5,42.5,0.0
Isiolo,2017-11,42.5,42.5,42.5,0.0
Isiolo,2017-12,42.5,42.5,42.5,0.0
Isiolo,2018-01,42.5,42.5,42.5,0.0
Isiolo,2018-02,42.5,42.5,42.5,0.0
Isiolo,2018-03,42.5,42.5,42.5,0.0
Isiolo,2018-04,42.5,42.5,42.5,0.0
Isiolo,2018-05,42.5,42.5,42.5,0.0
Isiolo,2018-06,42.5,42.5,42.5,0.0
Isiolo,2018-07,42.5,42.5,42.5,0.0
Isiolo,2018-08,42.5,42.5,42.5,0.0
Isiolo,2018-09,42.5,42.5,42.5,0.0
Isiolo,2018-10,42.5,42.5,42.5,0.0
Isiolo,2018-11,42.5,42.5,42.5,0.0
Isiolo,2018-12,42.5,42.5,42.5,0.0
Isiolo,2019-01,42.5,42.5,42.5,0.0
Isiolo,2019-02,42.5,42.5,42.5,0.0
Isiolo,2019-03,42.5,42.5,42.5,0.0
Isiolo,2019-04,42.5,42.5,42.5,0.0
Isiolo,2019-05,42.5,42.5,42.5,0.0
Isiolo,2019-06,42.5,42.5,42.5,0.0
Isiolo,2019-07,42.5,42.5,42.5,0.0
Isiolo,2019-08,42.5,42.5,42.5,0.0
Isiolo,2019-09,42.5,42.5,42.5,0.0
Isiolo,2019-10,42.5,42.5,42.5,0.0
Isiolo,2019-11,42.5,42.5,42.5,0.0
Isiolo,2019-12,42.5,42.5,42.5,0.0
Isiolo,2020-01,42.5,42.5,42.5,0.0
Isiolo,2020-02,42.5,42.5,42.5,0.0
Isiolo,2020-03,42.5,42.5,42.5,0.0
Isiolo,2020-04,42.5,42.5,42.5,0.0
Isiolo,2020-05,42.5,42.5,42.5,0.0
Isiolo,2020-06,42.5,42.5,42.5,0.0
Isiolo,2020-07,42.5,42.5,42.5,0.0
Isiolo,2020-08,42.5,42.5,42.5,0.0
Isiolo,2020-09,42.5,42.5,42.5,0.0
Isiolo,2020-10,42.5,42.5,42.5,0.0
Isiolo,2020-11,42.5,42.5,42.5,0.0
Isiolo,2020-12,42.5,42.5,42.5,0.0
Isiolo,2021-01,42.5,42.5,42.5,0.0
Isiolo,2021-02,42.5,42.5,42.5,0.0
Isiolo,2021-03,42.5,42.5,42.5,0.0
Isiolo,2021-04,42.5,42.5,42.5,0.0
Isiolo,2021-05,42.5,42.5,42.5,0.0
Isiolo,2021-06,42.5,42.5,42.5,0.0
Isiolo,2021-07,60.0,42.5,42.5,0.41176470588235303
Isiolo,2021-08,60.0,60.0,42.5,0.0
Isiolo,2021-09,66.67,60.0,60.0,0.11116666666666664
Isiolo,2021-10,66.67,66.67,60.0,0.0
Isiolo,2021-11,70.0,66.67,66.67,0.0499475026248688
Isiolo,2021-12,70.0,70.0,66.67,0.0
Isiolo,2022-01,70.0,70.0,70.0,0.0
Isiolo,2022-02,70.0,70.0,70.0,0.0
Isiolo,2022-03,70.0,70.0,70.0,0.0
Isiolo,2022-04,70.0,70.0,70.0,0.0
Isiolo,2022-05,70.0,70.0,70.0,0.0
Isiolo,2022-06,70.0,70.0,70.0,0.0
Isiolo,2022-07,70.0,70.0,70.0,0.0
Isiolo,2022-08,70.0,70.0,70.0,0.0
Isiolo,2022-09,70.0,70.0,70.0,0.0
Isiolo,2022-10,70.0,70.0,70.0,0.0
Isiolo,2022-11,70.0,70.0,70.0,0.0
Isiolo,2022-12,70.0,70.0,70.0,0.0
Isiolo,2023-01,70.0,70.0,70.0,0.0
Isiolo,2023-02,70.0,70.0,70.0,0.0
Isiolo,2023-03,70.0,70.0,70.0,0.0
Isiolo,2023-04,70.0,70.0,70.0,0.0
Isiolo,2023-05,70.0,70.0,70.0,0.0
Isiolo,2023-06,70.0,70.0,70.0,0.0
Isiolo,2023-07,70.0,70.0,70.0,0.0
Isiolo,2023-08,70.0,70.0,70.0,0.0
Isiolo,2023-09,70.0,70.0,70.0,0.0
Isiolo,2023-10,70.0,70.0,70.0,0.0
Isiolo,2023-11,70.0,70.0,70.0,0.0
Isiolo,2023-12,70.0,70.0,70.0,0.0
Isiolo,2024-01,70.0,70.0,70.0,0.0
Isiolo,2024-02,70.0,70.0,70.0,0.0
Isiolo,2024-03,70.0,70.0,70.0,0.0
Isiolo,2024-04,70.0,70.0,70.0,0.0
Isiolo,2024-05,70.0,70.0,70.0,0.0
Isiolo,2024-06,70.0,70.0,70.0,0.0
Isiolo,2024-07,70.0,70.0,70.0,0.0
Isiolo,2024-08,70.0,70.0,70.0,0.0
Isiolo,2024-09,70.0,70.0,70.0,0.0
Isiolo,2024-10,70.0,70.0,70.0,0.0
Isiolo,2024-11,70.0,70.0,70.0,0.0
Isiolo,2024-12,70.0,70.0,70.0,0.0
Isiolo,2025-01,70.0,70.0,70.0,0.0
Isiolo,2025-02,70.0,70.0,70.0,0.0
Isiolo,2025-03,70.0,70.0,70.0,0.0
Isiolo,2025-04,70.0,70.0,70.0,0.0
Isiolo,2025-05,70.0,70.0,70.0,0.0
Isiolo,2025-06,70.0,70.0,70.0,0.0
Isiolo,2025-07,70.0,70.0,70.0,0.0
Isiolo,2025-08,70.0,70.0,70.0,0.0
Isiolo,2025-09,70.0,70.0,70.0,0.0
Isiolo,2025-10,70.0,70.0,70.0,0.0
Isiolo,2025-11,70.0,70.0,70.0,0.0
Kajiado,2015-01,41.1,0.0,0.0,0.0
Kajiado,2015-02,40.2,41.1,0.0,-0.021897810218978075
Kajiado,2015-03,41.5,40.2,41.1,0.03233830845771135
Kajiado,2015-04,41.0,41.5,40.2,-0.012048192771084376
Kajiado,2015-05,44.0,41.0,41.5,0.07317073170731714
Kajiado,2015-06,50.0,44.0,41.0,0.13636363636363646
Kajiado,2015-07,50.0,50.0,44.0,0.0
Kajiado,2015-08,50.0,50.0,50.0,0.0
Kajiado,2015-09,48.0,50.0,50.0,-0.040000000000000036
Kajiado,2015-10,50.0,48.0,50.0,0.04166666666666674
Kajiado,2015-11,50.0,50.0,48.0,0.0
Kajiado,2015-12,50.0,50.0,50.0,0.0
Kajiado,2016-01,50.0,50.0,50.0,0.0
Kajiado,2016-02,50.0,50.0,50.0,0.0
Kajiado,2016-03,50.0,50.0,50.0,0.0
Kajiado,2016-04,50.0,50.0,50.0,0.0
Kajiado,2016-05,47.0,50.0,50.0,-0.06000000000000005
Kajiado,2016-06,45.0,47.0,50.0,-0.04255319148936165
Kajiado,2016-07,44.0,45.0,47.0,-0.022222222222222254
Kajiado,2016-08,44.0,44.0,45.0,0.0
Kajiado,2016-09,43.0,44.0,44.0,-0.022727272727272707
Kajiado,2016-10,43.0,43.0,44.0,0.0
Kajiado,2016-11,48.0,43.0,43.0,0.11627906976744184
Kajiado,2016-12,48.0,48.0,43.0,0.0
Kajiado,2017-01,48.0,48.0,48.0,0.0
Kajiado,2017-02,52.0,48.0,48.0,0.08333333333333326
Kajiado,2017-03,54.4,52.0,48.0,0.04615384615384621
Kajiado,2017-04,54.4,54.4,52.0,0.0
Kajiado,2017-05,65.0,54.4,54.4,0.19485294117647056
Kajiado,2017-06,65.0,65.0,54.4,0.0
Kajiado,2017-07,65.0,65.0,65.0,0.0
Kajiado,2017-08,68.0,65.0,65.0,0.04615384615384621
Kajiado,2017-09,70.0,68.0,65.0,0.02941176470588225
Kajiado,2017-10,73.0,70.0,68.0,0.04285714285714293
Kajiado,2017-11,75.0,73.0,70.0,0.027397260273972712
Kajiado,2017-12,60.0,75.0,73.0,-0.19999999999999996
Kajiado,2018-01,60.0,60.0,75.0,0.0
Kajiado,2018-02,60.0,60.0,60.0,0.0
Kajiado,2018-03,60.0,60.0,60.0,0.0
Kajiado,2018-04,60.0,60.0,60.0,0.0
Kajiado,2018-05,60.0,60.0,60.0,0.0
Kajiado,2018-06,45.0,60.0,60.0,-0.25
Kajiado,2018-07,45.0,45.0,60.0,0.0
Kajiado,2018-08,40.0,45.0,45.0,-0.11111111111111116
Kajiado,2018-09,40.0,40.0,45.0,0.0
Kajiado,2018-10,45.0,40.0,40.0,0.125
Kajiado,2018-11,45.0,45.0,40.0,0.0
Kajiado,2018-12,48.0,45.0,45.0,0.06666666666666665
Kajiado,2019-01,43.0,48.0,45.0,-0.10416666666666663
Kajiado,2019-02,43.0,43.0,48.0,0.0
Kajiado,2019-03,49.0,43.0,43.0,0.13953488372093026
Kajiado,2019-04,52.0,49.0,43.0,0.061224489795918435
Kajiado,2019-05,54.0,52.0,49.0,0.03846153846153855
Kajiado,2019-06,54.0,54.0,52.0,0.0
Kajiado,2019-07,54.0,54.0,54.0,0.0
Kajiado,2019-08,54.0,54.0,54.0,0.0
Kajiado,2019-09,54.0,54.0,54.0,0.0
Kajiado,2019-10,49.0,54.0,54.0,-0.09259259259259256
Kajiado,2019-11,45.0,49.0,54.0,-0.08163265306122447
Kajiado,2019-12,46.0,45.0,49.0,0.022222222222222143
Kajiado,2020-01,53.0,46.0,45.0,0.15217391304347827
Kajiado,2020-02,50.0,53.0,46.0,-0.05660377358490565
Kajiado,2020-03,47.0,50.0,53.0,-0.06000000000000005
Kajiado,2020-04,54.0,47.0,50.0,0.14893617021276606
Kajiado,2020-05,53.0,54.0,47.0,-0.01851851851851849
Kajiado,2020-06,54.0,53.0,54.0,0.018867924528301883
Kajiado,2020-07,54.0,54.0,53.0,0.0
Kajiado,2020-08,54.0,54.0,54.0,0.0
Kajiado,2020-09,53.0,54.0,54.0,-0.01851851851851849
Kajiado,2020-10,55.0,53.0,54.0,0.037735849056603765
Kajiado,2020-11,53.0,55.0,53.0,-0.036363636363636376
Kajiado,2020-12,53.0,53.0,55.0,0.0
Kajiado,2021-01,53.0,53.0,53.0,0.0
Kajiado,2021-02,53.0,53.0,53.0,0.0
Kajiado,2021-03,53.0,53.0,53.0,0.0
Kajiado,2021-04,53.0,53.0,53.0,0.0
Kajiado,2021-05,53.0,53.0,53.0,0.0
Kajiado,2021-06,53.0,53.0,53.0,0.0
Kajiado,2021-07,53.0,53.0,53.0,0.0
Kajiado,2021-08,53.0,53.0,53.0,0.0
Kajiado,2021-09,53.0,53.0,53.0,0.0
Kajiado,2021-10,53.0,53.0,53.0,0.0
Kajiado,2021-11,53.0,53.0,53.0,0.0
Kajiado,2021-12,53.0,53.0,53.0,0.0
Kajiado,2022-01,53.0,53.0,53.0,0.0
Kajiado,2022-02,53.0,53.0,53.0,0.0
Kajiado,2022-03,53.0,53.0,53.0,0.0
Kajiado,2022-04,53.0,53.0,53.0,0.0
Kajiado,2022-05,53.0,53.0,53.0,0.0
Kajiado,2022-06,53.0,53.0,53.0,0.0
Kajiado,2022-07,53.0,53.0,53.0,0.0
Kajiado,2022-08,53.0,53.0,53.0,0.0
Kajiado,2022-09,53.0,53.0,53.0,0.0
Kajiado,2022-10,53.0,53.0,53.0,0.0
Kajiado,2022-11,53.0,53.0,53.0,0.0
Kajiado,2022-12,53.0,53.0,53.0,0.0
Kajiado,2023-01,53.0,53.0,53.0,0.0
Kajiado,2023-02,53.0,53.0,53.0,0.0
Kajiado,2023-03,53.0,53.0,53.0,0.0
Kajiado,2023-04,53.0,53.0,53.0,0.0
Kajiado,2023-05,53.0,53.0,53.0,0.0
Kajiado,2023-06,53.0,53.0,53.0,0.0
Kajiado,2023-07,53.0,53.0,53.0,0.0
Kajiado,2023-08,53.0,53.0,53.0,0.0
Kajiado,2023-09,53.0,53.0,53.0,0.0
Kajiado,2023-10,53.0,53.0,53.0,0.0
Kajiado,2023-11,53.0,53.0,53.0,0.0
Kajiado,2023-12,53.0,53.0,53.0,0.0
Kajiado,2024-01,53.0,53.0,53.0,0.0
Kajiado,2024-02,53.0,53.0,53.0,0.0
Kajiado,2024-03,53.0,53.0,53.0,0.0
Kajiado,2024-04,53.0,53.0,53.0,0.0
Kajiado,2024-05,53.0,53.0,53.0,0.0
Kajiado,2024-06,53.0,53.0,53.0,0.0
Kajiado,2024-07,53.0,53.0,53.0,0.0
Kajiado,2024-08,53.0,53.0,53.0,0.0
Kajiado,2024-09,53.0,53.0,53.0,0.0
Kajiado,2024-10,53.0,53.0,53.0,0.0
Kajiado,2024-11,53.0,53.0,53.0,0.0
Kajiado,2024-12,53.0,53.0,53.0,0.0
Kajiado,2025-01,53.0,53.0,53.0,0.0
Kajiado,2025-02,53.0,53.0,53.0,0.0
Kajiado,2025-03,53.0,53.0,53.0,0.0
Kajiado,2025-04,53.0,53.0,53.0,0.0
Kajiado,2025-05,53.0,53.0,53.0,0.0
Kajiado,2025-06,53.0,53.0,53.0,0.0
Kajiado,2025-07,53.0,53.0,53.0,0.0
Kajiado,2025-08,53.0,53.0,53.0,0.0
Kajiado,2025-09,53.0,53.0,53.0,0.0
Kajiado,2025-10,53.0,53.0,53.0,0.0
Kajiado,2025-11,53.0,53.0,53.0,0.0
Kilifi,2015-01,33.9,0.0,0.0,0.0
Kilifi,2015-02,37.5,33.9,0.0,0.10619469026548667
Kilifi,2015-03,37.7,37.5,33.9,0.005333333333333412
Kilifi,2015-04,37.7,37.7,37.5,0.0
Kilifi,2015-05,37.7,37.7,37.7,0.0
Kilifi,2015-06,36.0,37.7,37.7,-0.04509283819628651
Kilifi,2015-07,36.0,36.0,37.7,0.0
Kilifi,2015-08,35.0,36.0,36.0,-0.02777777777777779
Kilifi,2015-09,35.0,35.0,36.0,0.0
Kilifi,2015-10,35.0,35.0,35.0,0.0
Kilifi,2015-11,35.0,35.0,35.0,0.0
Kilifi,2015-12,37.0,35.0,35.0,0.05714285714285716
Kilifi,2016-01,37.0,37.0,35.0,0.0
Kilifi,2016-02,39.0,37.0,37.0,0.054054054054053946
Kilifi,2016-03,39.0,39.0,37.0,0.0
Kilifi,2016-04,39.0,39.0,39.0,0.0
Kilifi,2016-05,39.0,39.0,39.0,0.0
Kilifi,2016-06,44.0,39.0,39.0,0.1282051282051282
Kilifi,2016-07,40.0,44.0,39.0,-0.09090909090909094
Kilifi,2016-08,39.0,40.0,44.0,-0.025000000000000022
Kilifi,2016-09,42.0,39.0,40.0,0.07692307692307687
Kilifi,2016-10,42.0,42.0,39.0,0.0
Kilifi,2016-11,42.0,42.0,42.0,0.0
Kilifi,2016-12,42.0,42.0,42.0,0.0
Kilifi,2017-01,42.0,42.0,42.0,0.0
Kilifi,2017-02,48.0,42.0,42.0,0.1428571428571428
Kilifi,2017-03,48.0,48.0,42.0,0.0
Kilifi,2017-04,48.0,48.0,48.0,0.0
Kilifi,2017-05,87.9,48.0,48.0,0.83125
Kilifi,2017-06,57.9,87.9,48.0,-0.34129692832764513
Kilifi,2017-07,57.9,57.9,87.9,0.0
Kilifi,2017-08,57.9,57.9,57.9,0.0
Kilifi,2017-09,46.0,57.9,57.9,-0.20552677029360966
Kilifi,2017-10,46.0,46.0,57.9,0.0
Kilifi,2017-11,62.6,46.0,46.0,0.36086956521739144
Kilifi,2017-12,46.3,62.6,46.0,-0.26038338658146976
Kilifi,2018-01,46.3,46.3,62.6,0.0
Kilifi,2018-02,46.3,46.3,46.3,0.0
Kilifi,2018-03,47.5,46.3,46.3,0.025917926565874883
Kilifi,2018-04,47.5,47.5,46.3,0.0
Kilifi,2018-05,43.7,47.5,47.5,-0.07999999999999996
Kilifi,2018-06,43.7,43.7,47.5,0.0
Kilifi,2018-07,39.6,43.7,43.7,-0.09382151029748287
Kilifi,2018-08,39.6,39.6,43.7,0.0
Kilifi,2018-09,41.6,39.6,39.6,0.05050505050505061
Kilifi,2018-10,41.6,41.6,39.6,0.0
Kilifi,2018-11,41.6,41.6,41.6,0.0
Kilifi,2018-12,41.6,41.6,41.6,0.0
Kilifi,2019-01,41.1,41.6,41.6,-0.012019230769230727
Kilifi,2019-02,41.1,41.1,41.6,0.0
Kilifi,2019-03,41.1,41.1,41.1,0.0
Kilifi,2019-04,45.1,41.1,41.1,0.09732360097323611
Kilifi,2019-05,49.1,45.1,41.1,0.08869179600886912
Kilifi,2019-06,45.0,49.1,45.1,-0.0835030549898167
Kilifi,2019-07,45.0,45.0,49.1,0.0
Kilifi,2019-08,47.2,45.0,45.0,0.04888888888888898
Kilifi,2019-09,45.5,47.2,45.0,-0.03601694915254239
Kilifi,2019-10,45.5,45.5,47.2,0.0
Kilifi,2019-11,45.5,45.5,45.5,0.0
Kilifi,2019-12,45.5,45.5,45.5,0.0
Kilifi,2020-01,46.9,45.5,45.5,0.03076923076923066
Kilifi,2020-02,45.7,46.9,45.5,-0.025586353944562767
Kilifi,2020-03,45.7,45.7,46.9,0.0
Kilifi,2020-04,49.6,45.7,45.7,0.08533916849015322
Kilifi,2020-05,49.6,49.6,45.7,0.0
Kilifi,2020-06,49.6,49.6,49.6,0.0
Kilifi,2020-07,44.3,49.6,49.6,-0.10685483870967749
Kilifi,2020-08,44.3,44.3,49.6,0.0
Kilifi,2020-09,38.1,44.3,44.3,-0.1399548532731376
Kilifi,2020-10,41.9,38.1,44.3,0.09973753280839892
Kilifi,2020-11,41.9,41.9,38.1,0.0
Kilifi,2020-12,37.6,41.9,41.9,-0.10262529832935552
Kilifi,2021-01,37.6,37.6,41.9,0.0
Kilifi,2021-02,37.6,37.6,37.6,0.0
Kilifi,2021-03,37.6,37.6,37.6,0.0
Kilifi,2021-04,37.6,37.6,37.6,0.0
Kilifi,2021-05,37.6,37.6,37.6,0.0
Kilifi,2021-06,37.6,37.6,37.6,0.0
Kilifi,2021-07,37.6,37.6,37.6,0.0
Kilifi,2021-08,37.6,37.6,37.6,0.0
Kilifi,2021-09,37.6,37.6,37.6,0.0
Kilifi,2021-10,37.6,37.6,37.6,0.0
Kilifi,2021-11,37.6,37.6,37.6,0.0
Kilifi,2021-12,37.6,37.6,37.6,0.0
Kilifi,2022-01,37.6,37.6,37.6,0.0
Kilifi,2022-02,37.6,37.6,37.6,0.0
Kilifi,2022-03,37.6,37.6,37.6,0.0
Kilifi,2022-04,37.6,37.6,37.6,0.0
Kilifi,2022-05,37.6,37.6,37.6,0.0
Kilifi,2022-06,37.6,37.6,37.6,0.0
Kilifi,2022-07,37.6,37.6,37.6,0.0
Kilifi,2022-08,37.6,37.6,37.6,0.0
Kilifi,2022-09,37.6,37.6,37.6,0.0
Kilifi,2022-10,37.6,37.6,37.6,0.0
Kilifi,2022-11,37.6,37.6,37.6,0.0
Kilifi,2022-12,37.6,37.6,37.6,0.0
Kilifi,2023-01,37.6,37.6,37.6,0.0
Kilifi,2023-02,37.6,37.6,37.6,0.0
Kilifi,2023-03,37.6,37.6,37.6,0.0
Kilifi,2023-04,37.6,37.6,37.6,0.0
Kilifi,2023-05,37.6,37.6,37.6,0.0
Kilifi,2023-06,37.6,37.6,37.6,0.0
Kilifi,2023-07,37.6,37.6,37.6,0.0
Kilifi,2023-08,37.6,37.6,37.6,0.0
Kilifi,2023-09,37.6,37.6,37.6,0.0
Kilifi,2023-10,37.6,37.6,37.6,0.0
Kilifi,2023-11,37.6,37.6,37.6,0.0
Kilifi,2023-12,37.6,37.6,37.6,0.0
Kilifi,2024-01,37.6,37.6,37.6,0.0
Kilifi,2024-02,37.6,37.6,37.6,0.0
Kilifi,2024-03,37.6,37.6,37.6,0.0
Kilifi,2024-04,37.6,37.6,37.6,0.0
Kilifi,2024-05,37.6,37.6,37.6,0.0
Kilifi,2024-06,37.6,37.6,37.6,0.0
Kilifi,2024-07,37.6,37.6,37.6,0.0
Kilifi,2024-08,37.6,37.6,37.6,0.0
Kilifi,2024-09,37.6,37.6,37.6,0.0
Kilifi,2024-10,37.6,37.6,37.6,0.0
Kilifi,2024-11,37.6,37.6,37.6,0.0
Kilifi,2024-12,37.6,37.6,37.6,0.0
Kilifi,2025-01,37.6,37.6,37.6,0.0
Kilifi,2025-02,37.6,37.6,37.6,0.0
Kilifi,2025-03,37.6,37.6,37.6,0.0
Kilifi,2025-04,37.6,37.6,37.6,0.0
Kilifi,2025-05,37.6,37.6,37.6,0.0
Kilifi,2025-06,37.6,37.6,37.6,0.0
Kilifi,2025-07,37.6,37.6,37.6,0.0
Kilifi,2025-08,37.6,37.6,37.6,0.0
Kilifi,2025-09,37.6,37.6,37.6,0.0
Kilifi,2025-10,37.6,37.6,37.6,0.0
Kilifi,2025-11,37.6,37.6,37.6,0.0
Kisumu,2015-01,32.83777777777778,0.0,0.0,0.0
Kisumu,2015-02,33.56444444444444,32.83777777777778,0.0,0.022128984232252513
Kisumu,2015-03,32.88777777777778,33.56444444444444,32.83777777777778,-0.020160222457626942
Kisumu,2015-04,36.205,32.88777777777778,33.56444444444444,0.10086489408425958
Kisumu,2015-05,35.47,36.205,32.88777777777778,-0.0203010633890347
Kisumu,2015-06,35.09,35.47,36.205,-0.010713278827177763
Kisumu,2015-07,33.117777777777775,35.09,35.47,-0.05620468002913159
Kisumu,2015-08,32.79777777777778,33.117777777777775,35.09,-0.009662484063611143
Kisumu,2015-09,30.781666666666666,32.79777777777778,33.117777777777775,-0.06147096686767406
Kisumu,2015-10,30.451666666666668,30.781666666666666,32.79777777777778,-0.010720667063728317
Kisumu,2015-11,30.68,30.451666666666668,30.781666666666666,0.0074982212248917435
Kisumu,2015-12,33.33777777777778,30.68,30.451666666666668,0.08662900188323919
Kisumu,2016-01,32.38777777777778,33.33777777777778,30.68,-0.02849620050659918
Kisumu,2016-02,32.19277777777778,32.38777777777778,33.33777777777778,-0.006020789735496912
Kisumu,2016-03,32.727777777777774,32.19277777777778,32.38777777777778,0.016618634269246035
Kisumu,2016-04,30.2,32.727777777777774,32.19277777777778,-0.07723646240027149
Kisumu,2016-05,32.3,30.2,32.727777777777774,0.06953642384105962
Kisumu,2016-06,35.27777777777778,32.3,30.2,0.09219126246990039
Kisumu,2016-07,34.98,35.27777777777778,32.3,-0.008440944881889845
Kisumu,2016-08,35.25277777777778,34.98,35.27777777777778,0.007798106854710829
Kisumu,2016-09,35.17166666666667,35.25277777777778,34.98,-0.0023008431171697152
Kisumu,2016-10,36.38388888888889,35.17166666666667,35.25277777777778,0.034465873730433305
Kisumu,2016-11,34.17166666666667,36.38388888888889,35.17166666666667,-0.060802247637079976
Kisumu,2016-12,34.78,34.17166666666667,36.38388888888889,0.017802272838121302
Kisumu,2017-01,39.855000000000004,34.78,34.17166666666667,0.14591719378953427
Kisumu,2017-02,44.276111111111106,39.855000000000004,34.78,0.11092989866042147
Kisumu,2017-03,49.95,44.276111111111106,39.855000000000004,0.12814786001982537
Kisumu,2017-04,53.95,49.95,44.276111111111106,0.08008008008008005
Kisumu,2017-05,58.58388888888889,53.95,49.95,0.08589228709710639
Kisumu,2017-06,57.12111111111111,58.58388888888889,53.95,-0.024968942921356874
Kisumu,2017-07,50.915,57.12111111111111,58.58388888888889,-0.10864829115524521
Kisumu,2017-08,47.236666666666665,50.915,57.12111111111111,-0.072244590657632
Kisumu,2017-09,46.52166666666667,47.236666666666665,50.915,-0.015136546468139112
Kisumu,2017-10,41.73166666666667,46.52166666666667,47.236666666666665,-0.10296277720058755
Kisumu,2017-11,36.57055555555556,41.73166666666667,46.52166666666667,-0.12367373563906969
Kisumu,2017-12,37.510000000000005,36.57055555555556,41.73166666666667,0.02568854725264713
Kisumu,2018-01,37.265,37.510000000000005,36.57055555555556,-0.00653159157557992
Kisumu,2018-02,37.504999999999995,37.265,37.510000000000005,0.006440359586743494
Kisumu,2018-03,38.239999999999995,37.504999999999995,37.265,0.01959738701506475
Kisumu,2018-04,38.32666666666667,38.239999999999995,37.504999999999995,0.0022663877266388965
Kisumu,2018-05,34.507777777777775,38.32666666666667,38.239999999999995,-0.09964051719139566
Kisumu,2018-06,33.217777777777776,34.507777777777775,38.32666666666667,-0.037382876646166685
Kisumu,2018-07,29.86,33.217777777777776,34.507777777777775,-0.10108375702435102
Kisumu,2018-08,27.279444444444444,29.86,33.217777777777776,-0.08642182034680357
Kisumu,2018-09,29.25,27.279444444444444,29.86,0.07223591226605297
Kisumu,2018-10,29.379444444444445,29.25,27.279444444444444,0.0044254510921177825
Kisumu,2018-11,30.747777777777777,29.379444444444445,29.25,0.046574513548777396
Kisumu,2018-12,29.804444444444442,30.747777777777777,29.379444444444445,-0.03067972391862106
Kisumu,2019-01,30.059444444444445,29.804444444444442,30.747777777777777,0.00855577095138682
Kisumu,2019-02,28.564444444444444,30.059444444444445,29.804444444444442,-0.049734784778309726
Kisumu,2019-03,28.21,28.564444444444444,30.059444444444445,-0.012408588766142814
Kisumu,2019-04,34.97555555555556,28.21,28.564444444444444,0.23982827208633672
Kisumu,2019-05,44.74722222222222,34.97555555555556,28.21,0.2793856026431156
Kisumu,2019-06,45.47555555555556,44.74722222222222,34.97555555555556,0.016276615556521268
Kisumu,2019-07,48.99,45.47555555555556,44.74722222222222,0.07728205629397955
Kisumu,2019-08,48.99,48.99,45.47555555555556,0.0
Kisumu,2019-09,41.33111111111111,48.99,48.99,-0.15633576013245332
Kisumu,2019-10,39.95,41.33111111111111,48.99,-0.03341577504166893
Kisumu,2019-11,39.95,39.95,41.33111111111111,0.0
Kisumu,2019-12,39.95,39.95,39.95,0.0
Kisumu,2020-01,39.95,39.95,39.95,0.0
Kisumu,2020-02,48.02,39.95,39.95,0.20200250312891121
Kisumu,2020-03,48.79,48.02,39.95,0.0160349854227404
Kisumu,2020-04,48.79,48.79,48.02,0.0
Kisumu,2020-05,48.79,48.79,48.79,0.0
Kisumu,2020-06,48.79,48.79,48.79,0.0
Kisumu,2020-07,48.79,48.79,48.79,0.0
Kisumu,2020-08,48.79,48.79,48.79,0.0
Kisumu,2020-09,48.79,48.79,48.79,0.0
Kisumu,2020-10,48.79,48.79,48.79,0.0
Kisumu,2020-11,48.79,48.79,48.79,0.0
Kisumu,2020-12,48.79,48.79,48.79,0.0
Kisumu,2021-01,48.79,48.79,48.79,0.0
Kisumu,2021-02,48.79,48.79,48.79,0.0
Kisumu,2021-03,48.79,48.79,48.79,0.0
Kisumu,2021-04,48.79,48.79,48.79,0.0
Kisumu,2021-05,48.79,48.79,48.79,0.0
Kisumu,2021-06,48.79,48.79,48.79,0.0
Kisumu,2021-07,48.79,48.79,48.79,0.0
Kisumu,2021-08,48.79,48.79,48.79,0.0
Kisumu,2021-09,48.79,48.79,48.79,0.0
Kisumu,2021-10,48.79,48.79,48.79,0.0
Kisumu,2021-11,48.79,48.79,48.79,0.0
Kisumu,2021-12,48.79,48.79,48.79,0.0
Kisumu,2022-01,48.79,48.79,48.79,0.0
Kisumu,2022-02,35.59,48.79,48.79,-0.27054724328755886
Kisumu,2022-03,35.59,35.59,48.79,0.0
Kisumu,2022-04,35.59,35.59,35.59,0.0
Kisumu,2022-05,35.59,35.59,35.59,0.0
Kisumu,2022-06,35.59,35.59,35.59,0.0
Kisumu,2022-07,35.59,35.59,35.59,0.0
Kisumu,2022-08,35.59,35.59,35.59,0.0
Kisumu,2022-09,35.59,35.59,35.59,0.0
Kisumu,2022-10,35.59,35.59,35.59,0.0
Kisumu,2022-11,35.59,35.59,35.59,0.0
Kisumu,2022-12,35.59,35.59,35.59,0.0
Kisumu,2023-01,35.59,35.59,35.59,0.0
Kisumu,2023-02,35.59,35.59,35.59,0.0
Kisumu,2023-03,35.59,35.59,35.59,0.0
Kisumu,2023-04,35.59,35.59,35.59,0.0
Kisumu,2023-05,35.59,35.59,35.59,0.0
Kisumu,2023-06,35.59,35.59,35.59,0.0
Kisumu,2023-07,35.59,35.59,35.59,0.0
Kisumu,2023-08,35.59,35.59,35.59,0.0
Kisumu,2023-09,35.59,35.59,35.59,0.0
Kisumu,2023-10,35.59,35.59,35.59,0.0
Kisumu,2023-11,35.59,35.59,35.59,0.0
Kisumu,2023-12,35.59,35.59,35.59,0.0
Kisumu,2024-01,35.59,35.59,35.59,0.0
Kisumu,2024-02,35.59,35.59,35.59,0.0
Kisumu,2024-03,35.59,35.59,35.59,0.0
Kisumu,2024-04,35.59,35.59,35.59,0.0
Kisumu,2024-05,35.59,35.59,35.59,0.0
Kisumu,2024-06,35.59,35.59,35.59,0.0
Kisumu,2024-07,35.59,35.59,35.59,0.0
Kisumu,2024-08,35.59,35.59,35.59,0.0
Kisumu,2024-09,35.59,35.59,35.59,0.0
Kisumu,2024-10,35.59,35.59,35.59,0.0
Kisumu,2024-11,35.59,35.59,35.59,0.0
Kisumu,2024-12,35.59,35.59,35.59,0.0
Kisumu,2025-01,35.59,35.59,35.59,0.0
Kisumu,2025-02,35.59,35.59,35.59,0.0
Kisumu,2025-03,35.59,35.59,35.59,0.0
Kisumu,2025-04,35.59,35.59,35.59,0.0
Kisumu,2025-05,35.59,35.59,35.59,0.0
Kisumu,2025-06,35.59,35.59,35.59,0.0
Kisumu,2025-07,35.59,35.59,35.59,0.0
Kisumu,2025-08,35.59,35.59,35.59,0.0
Kisumu,2025-09,35.59,35.59,35.59,0.0
Kisumu,2025-10,35.59,35.59,35.59,0.0
Kisumu,2025-11,35.59,35.59,35.59,0.0
Kitui,2015-01,29.0,0.0,0.0,0.0
Kitui,2015-02,29.0,29.0,0.0,0.0
Kitui,2015-03,30.0,29.0,29.0,0.034482758620689724
Kitui,2015-04,33.0,30.0,29.0,0.10000000000000009
Kitui,2015-05,37.0,33.0,30.0,0.1212121212121211
Kitui,2015-06,35.0,37.0,33.0,-0.05405405405405406
Kitui,2015-07,37.0,35.0,37.0,0.05714285714285716
Kitui,2015-08,36.0,37.0,35.0,-0.027027027027026973
Kitui,2015-09,36.0,36.0,37.0,0.0
Kitui,2015-10,36.0,36.0,36.0,0.0
Kitui,2015-11,33.0,36.0,36.0,-0.08333333333333337
Kitui,2015-12,33.0,33.0,36.0,0.0
Kitui,2016-01,31.0,33.0,33.0,-0.06060606060606055
Kitui,2016-02,31.0,31.0,33.0,0.0
Kitui,2016-03,29.0,31.0,31.0,-0.06451612903225812
Kitui,2016-04,29.0,29.0,31.0,0.0
Kitui,2016-05,29.0,29.0,29.0,0.0
Kitui,2016-06,28.0,29.0,29.0,-0.03448275862068961
Kitui,2016-07,31.0,28.0,29.0,0.1071428571428572
Kitui,2016-08,33.0,31.0,28.0,0.06451612903225801
Kitui,2016-09,33.0,33.0,31.0,0.0
Kitui,2016-10,34.0,33.0,33.0,0.030303030303030276
Kitui,2016-11,35.0,34.0,33.0,0.02941176470588225
Kitui,2016-12,35.0,35.0,34.0,0.0
Kitui,2017-01,38.0,35.0,35.0,0.08571428571428563
Kitui,2017-02,38.0,38.0,35.0,0.0
Kitui,2017-03,46.2,38.0,38.0,0.21578947368421053
Kitui,2017-04,54.0,46.2,38.0,0.16883116883116878
Kitui,2017-05,58.0,54.0,46.2,0.07407407407407418
Kitui,2017-06,58.0,58.0,54.0,0.0
Kitui,2017-07,58.0,58.0,58.0,0.0
Kitui,2017-08,45.0,58.0,58.0,-0.22413793103448276
Kitui,2017-09,45.0,45.0,58.0,0.0
Kitui,2017-10,37.0,45.0,45.0,-0.1777777777777778
Kitui,2017-11,37.0,37.0,45.0,0.0
Kitui,2017-12,35.0,37.0,37.0,-0.05405405405405406
Kitui,2018-01,36.9,35.0,37.0,0.05428571428571427
Kitui,2018-02,36.0,36.9,35.0,-0.024390243902438935
Kitui,2018-03,34.0,36.0,36.9,-0.05555555555555558
Kitui,2018-04,30.0,34.0,36.0,-0.11764705882352944
Kitui,2018-05,30.0,30.0,34.0,0.0
Kitui,2018-06,30.0,30.0,30.0,0.0
Kitui,2018-07,30.0,30.0,30.0,0.0
Kitui,2018-08,30.0,30.0,30.0,0.0
Kitui,2018-09,30.0,30.0,30.0,0.0
Kitui,2018-10,33.56,30.0,30.0,0.1186666666666667
Kitui,2018-11,26.9,33.56,30.0,-0.19845053635280108
Kitui,2018-12,26.9,26.9,33.56,0.0
Kitui,2019-01,26.9,26.9,26.9,0.0
Kitui,2019-02,27.0,26.9,26.9,0.003717472118959231
Kitui,2019-03,27.0,27.0,26.9,0.0
Kitui,2019-04,34.0,27.0,27.0,0.2592592592592593
Kitui,2019-05,42.0,34.0,27.0,0.23529411764705888
Kitui,2019-06,41.0,42.0,34.0,-0.023809523809523836
Kitui,2019-07,41.0,41.0,42.0,0.0
Kitui,2019-08,41.0,41.0,41.0,0.0
Kitui,2019-09,41.0,41.0,41.0,0.0
Kitui,2019-10,41.0,41.0,41.0,0.0
Kitui,2019-11,41.0,41.0,41.0,0.0
Kitui,2019-12,44.6,41.0,41.0,0.08780487804878057
Kitui,2020-01,38.0,44.6,41.0,-0.14798206278026904
Kitui,2020-02,37.0,38.0,44.6,-0.02631578947368418
Kitui,2020-03,30.0,37.0,38.0,-0.18918918918918914
Kitui,2020-04,30.0,30.0,37.0,0.0
Kitui,2020-05,34.0,30.0,30.0,0.1333333333333333
Kitui,2020-06,33.0,34.0,30.0,-0.02941176470588236
Kitui,2020-07,34.0,33.0,34.0,0.030303030303030276
Kitui,2020-08,33.0,34.0,33.0,-0.02941176470588236
Kitui,2020-09,34.0,33.0,34.0,0.030303030303030276
Kitui,2020-10,33.0,34.0,33.0,-0.02941176470588236
Kitui,2020-11,35.0,33.0,34.0,0.06060606060606055
Kitui,2020-12,33.0,35.0,33.0,-0.05714285714285716
Kitui,2021-01,33.0,33.0,35.0,0.0
Kitui,2021-02,33.0,33.0,33.0,0.0
Kitui,2021-03,33.0,33.0,33.0,0.0
Kitui,2021-04,33.0,33.0,33.0,0.0
Kitui,2021-05,33.0,33.0,33.0,0.0
Kitui,2021-06,33.0,33.0,33.0,0.0
Kitui,2021-07,33.0,33.0,33.0,0.0
Kitui,2021-08,33.0,33.0,33.0,0.0
Kitui,2021-09,33.0,33.0,33.0,0.0
Kitui,2021-10,33.0,33.0,33.0,0.0
Kitui,2021-11,33.0,33.0,33.0,0.0
Kitui,2021-12,33.0,33.0,33.0,0.0
Kitui,2022-01,33.0,33.0,33.0,0.0
Kitui,2022-02,33.0,33.0,33.0,0.0
Kitui,2022-03,33.0,33.0,33.0,0.0
Kitui,2022-04,33.0,33.0,33.0,0.0
Kitui,2022-05,33.0,33.0,33.0,0.0
Kitui,2022-06,33.0,33.0,33.0,0.0
Kitui,2022-07,33.0,33.0,33.0,0.0
Kitui,2022-08,33.0,33.0,33.0,0.0
Kitui,2022-09,33.0,33.0,33.0,0.0
Kitui,2022-10,33.0,33.0,33.0,0.0
Kitui,2022-11,33.0,33.0,33.0,0.0
Kitui,2022-12,33.0,33.0,33.0,0.0
Kitui,2023-01,33.0,33.0,33.0,0.0
Kitui,2023-02,33.0,33.0,33.0,0.0
Kitui,2023-03,33.0,33.0,33.0,0.0
Kitui,2023-04,33.0,33.0,33.0,0.0
Kitui,2023-05,33.0,33.0,33.0,0.0
Kitui,2023-06,33.0,33.0,33.0,0.0
Kitui,2023-07,33.0,33.0,33.0,0.0
Kitui,2023-08,33.0,33.0,33.0,0.0
Kitui,2023-09,33.0,33.0,33.0,0.0
Kitui,2023-10,33.0,33.0,33.0,0.0
Kitui,2023-11,33.0,33.0,33.0,0.0
Kitui,2023-12,33.0,33.0,33.0,0.0
Kitui,2024-01,33.0,33.0,33.0,0.0
Kitui,2024-02,33.0,33.0,33.0,0.0
Kitui,2024-03,33.0,33.0,33.0,0.0
Kitui,2024-04,33.0,33.0,33.0,0.0
Kitui,2024-05,33.0,33.0,33.0,0.0
Kitui,2024-06,33.0,33.0,33.0,0.0
Kitui,2024-07,33.0,33.0,33.0,0.0
Kitui,2024-08,33.0,33.0,33.0,0.0
Kitui,2024-09,33.0,33.0,33.0,0.0
Kitui,2024-10,33.0,33.0,33.0,0.0
Kitui,2024-11,33.0,33.0,33.0,0.0
Kitui,2024-12,33.0,33.0,33.0,0.0
Kitui,2025-01,33.0,33.0,33.0,0.0
Kitui,2025-02,33.0,33.0,33.0,0.0
Kitui,2025-03,33.0,33.0,33.0,0.0
Kitui,2025-04,33.0,33.0,33.0,0.0
Kitui,2025-05,33.0,33.0,33.0,0.0
Kitui,2025-06,33.0,33.0,33.0,0.0
Kitui,2025-07,33.0,33.0,33.0,0.0
Kitui,2025-08,33.0,33.0,33.0,0.0
Kitui,2025-09,33.0,33.0,33.0,0.0
Kitui,2025-10,33.0,33.0,33.0,0.0
Kitui,2025-11,33.0,33.0,33.0,0.0
Mandera,2015-01,66.0,0.0,0.0,0.0
Mandera,2015-02,66.0,66.0,0.0,0.0
Mandera,2015-03,68.0,66.0,66.0,0.030303030303030276
Mandera,2015-04,68.0,68.0,66.0,0.0
Mandera,2015-05,65.0,68.0,68.0,-0.044117647058823484
Mandera,2015-06,65.0,65.0,68.0,0.0
Mandera,2015-07,67.0,65.0,65.0,0.03076923076923066
Mandera,2015-08,68.0,67.0,65.0,0.014925373134328401
Mandera,2015-09,65.0,68.0,67.0,-0.044117647058823484
Mandera,2015-10,65.0,65.0,68.0,0.0
Mandera,2015-11,65.0,65.0,65.0,0.0
Mandera,2015-12,65.0,65.0,65.0,0.0
Mandera,2016-01,60.0,65.0,65.0,-0.07692307692307687
Mandera,2016-02,61.0,60.0,65.0,0.016666666666666607
Mandera,2016-03,61.0,61.0,60.0,0.0
Mandera,2016-04,61.0,61.0,61.0,0.0
Mandera,2016-05,65.0,61.0,61.0,0.06557377049180335
Mandera,2016-06,65.0,65.0,61.0,0.0
Mandera,2016-07,66.0,65.0,65.0,0.01538461538461533
Mandera,2016-08,64.0,66.0,65.0,-0.030303030303030276
Mandera,2016-09,46.6,64.0,66.0,-0.271875
Mandera,2016-10,63.0,46.6,64.0,0.351931330472103
Mandera,2016-11,63.0,63.0,46.6,0.0
Mandera,2016-12,63.0,63.0,63.0,0.0
Mandera,2017-01,66.0,63.0,63.0,0.04761904761904767
Mandera,2017-02,64.0,66.0,63.0,-0.030303030303030276
Mandera,2017-03,68.6,64.0,66.0,0.07187499999999991
Mandera,2017-04,65.0,68.6,64.0,-0.052478134110787056
Mandera,2017-05,65.0,65.0,68.6,0.0
Mandera,2017-06,66.0,65.0,65.0,0.01538461538461533
Mandera,2017-07,66.0,66.0,65.0,0.0
Mandera,2017-08,66.0,66.0,66.0,0.0
Mandera,2017-09,66.0,66.0,66.0,0.0
Mandera,2017-10,70.0,66.0,66.0,0.06060606060606055
Mandera,2017-11,65.0,70.0,66.0,-0.0714285714285714
Mandera,2017-12,67.0,65.0,70.0,0.03076923076923066
Mandera,2018-01,67.5,67.0,65.0,0.00746268656716409
Mandera,2018-02,67.0,67.5,67.0,-0.007407407407407418
Mandera,2018-03,67.0,67.0,67.5,0.0
Mandera,2018-04,63.0,67.0,67.0,-0.05970149253731338
Mandera,2018-05,66.0,63.0,67.0,0.04761904761904767
Mandera,2018-06,64.0,66.0,63.0,-0.030303030303030276
Mandera,2018-07,63.0,64.0,66.0,-0.015625
Mandera,2018-08,64.0,63.0,64.0,0.015873015873015817
Mandera,2018-09,67.0,64.0,63.0,0.046875
Mandera,2018-10,67.0,67.0,64.0,0.0
Mandera,2018-11,65.0,67.0,67.0,-0.02985074626865669
Mandera,2018-12,65.0,65.0,67.0,0.0
Mandera,2019-01,68.0,65.0,65.0,0.04615384615384621
Mandera,2019-02,68.0,68.0,65.0,0.0
Mandera,2019-03,68.0,68.0,68.0,0.0
Mandera,2019-04,68.0,68.0,68.0,0.0
Mandera,2019-05,68.0,68.0,68.0,0.0
Mandera,2019-06,75.0,68.0,68.0,0.10294117647058831
Mandera,2019-07,75.0,75.0,68.0,0.0
Mandera,2019-08,80.0,75.0,75.0,0.06666666666666665
Mandera,2019-09,81.8,80.0,75.0,0.022499999999999964
Mandera,2019-10,80.0,81.8,80.0,-0.022004889975550057
Mandera,2019-11,85.0,80.0,81.8,0.0625
Mandera,2019-12,80.0,85.0,80.0,-0.05882352941176472
Mandera,2020-01,80.0,80.0,85.0,0.0
Mandera,2020-02,79.0,80.0,80.0,-0.012499999999999956
Mandera,2020-03,77.0,79.0,80.0,-0.025316455696202556
Mandera,2020-04,77.0,77.0,79.0,0.0
Mandera,2020-05,77.0,77.0,77.0,0.0
Mandera,2020-06,77.0,77.0,77.0,0.0
Mandera,2020-07,81.0,77.0,77.0,0.051948051948051965
Mandera,2020-08,81.0,81.0,77.0,0.0
Mandera,2020-09,81.0,81.0,81.0,0.0
Mandera,2020-10,81.0,81.0,81.0,0.0
Mandera,2020-11,83.0,81.0,81.0,0.024691358024691468
Mandera,2020-12,83.0,83.0,81.0,0.0
Mandera,2021-01,83.0,83.0,83.0,0.0
Mandera,2021-02,83.0,83.0,83.0,0.0
Mandera,2021-03,83.0,83.0,83.0,0.0
Mandera,2021-04,83.0,83.0,83.0,0.0
Mandera,2021-05,83.0,83.0,83.0,0.0
Mandera,2021-06,83.0,83.0,83.0,0.0
Mandera,2021-07,83.0,83.0,83.0,0.0
Mandera,2021-08,83.0,83.0,83.0,0.0
Mandera,2021-09,83.0,83.0,83.0,0.0
Mandera,2021-10,83.0,83.0,83.0,0.0
Mandera,2021-11,83.0,83.0,83.0,0.0
Mandera,2021-12,83.0,83.0,83.0,0.0
Mandera,2022-01,83.0,83.0,83.0,0.0
Mandera,2022-02,83.0,83.0,83.0,0.0
Mandera,2022-03,83.0,83.0,83.0,0.0
Mandera,2022-04,83.0,83.0,83.0,0.0
Mandera,2022-05,83.0,83.0,83.0,0.0
Mandera,2022-06,83.0,83.0,83.0,0.0
Mandera,2022-07,83.0,83.0,83.0,0.0
Mandera,2022-08,83.0,83.0,83.0,0.0
Mandera,2022-09,83.0,83.0,83.0,0.0
Mandera,2022-10,83.0,83.0,83.0,0.0
Mandera,2022-11,83.0,83.0,83.0,0.0
Mandera,2022-12,83.0,83.0,83.0,0.0
Mandera,2023-01,83.0,83.0,83.0,0.0
Mandera,2023-02,83.0,83.0,83.0,0.0
Mandera,2023-03,83.0,83.0,83.0,0.0
Mandera,2023-04,83.0,83.0,83.0,0.0
Mandera,2023-05,83.0,83.0,83.0,0.0
Mandera,2023-06,83.0,83.0,83.0,0.0
Mandera,2023-07,83.0,83.0,83.0,0.0
Mandera,2023-08,83.0,83.0,83.0,0.0
Mandera,2023-09,83.0,83.0,83.0,0.0
Mandera,2023-10,83.0,83.0,83.0,0.0
Mandera,2023-11,83.0,83.0,83.0,0.0
Mandera,2023-12,83.0,83.0,83.0,0.0
Mandera,2024-01,83.0,83.0,83.0,0.0
Mandera,2024-02,83.0,83.0,83.0,0.0
Mandera,2024-03,83.0,83.0,83.0,0.0
Mandera,2024-04,83.0,83.0,83.0,0.0
Mandera,2024-05,83.0,83.0,83.0,0.0
Mandera,2024-06,83.0,83.0,83.0,0.0
Mandera,2024-07,83.0,83.0,83.0,0.0
Mandera,2024-08,83.0,83.0,83.0,0.0
Mandera,2024-09,83.0,83.0,83.0,0.0
Mandera,2024-10,83.0,83.0,83.0,0.0
Mandera,2024-11,83.0,83.0,83.0,0.0
Mandera,2024-12,83.0,83.0,83.0,0.0
Mandera,2025-01,83.0,83.0,83.0,0.0
Mandera,2025-02,83.0,83.0,83.0,0.0
Mandera,2025-03,83.0,83.0,83.0,0.0
Mandera,2025-04,83.0,83.0,83.0,0.0
Mandera,2025-05,83.0,83.0,83.0,0.0
Mandera,2025-06,83.0,83.0,83.0,0.0
Mandera,2025-07,83.0,83.0,83.0,0.0
Mandera,2025-08,83.0,83.0,83.0,0.0
Mandera,2025-09,83.0,83.0,83.0,0.0
Mandera,2025-10,83.0,83.0,83.0,0.0
Mandera,2025-11,83.0,83.0,83.0,0.0
Marsabit,2015-01,48.9,0.0,0.0,0.0
Marsabit,2015-02,52.1,48.9,0.0,0.06543967280163598
Marsabit,2015-03,52.1,52.1,48.9,0.0
Marsabit,2015-04,52.1,52.1,52.1,0.0
Marsabit,2015-05,52.1,52.1,52.1,0.0
Marsabit,2015-06,49.2,52.1,52.1,-0.05566218809980805
Marsabit,2015-07,51.3,49.2,52.1,0.04268292682926811
Marsabit,2015-08,51.3,51.3,49.2,0.0
Marsabit,2015-09,51.3,51.3,51.3,0.0
Marsabit,2015-10,51.6,51.3,51.3,0.005847953216374435
Marsabit,2015-11,51.6,51.6,51.3,0.0
Marsabit,2015-12,51.6,51.6,51.6,0.0
Marsabit,2016-01,48.0,51.6,51.6,-0.06976744186046513
Marsabit,2016-02,47.3,48.0,51.6,-0.014583333333333393
Marsabit,2016-03,47.7,47.3,48.0,0.008456659619450413
Marsabit,2016-04,47.7,47.7,47.3,0.0
Marsabit,2016-05,43.0,47.7,47.7,-0.0985324947589099
Marsabit,2016-06,43.9,43.0,47.7,0.020930232558139528
Marsabit,2016-07,42.4,43.9,43.0,-0.034168564920273314
Marsabit,2016-08,42.7,42.4,43.9,0.0070754716981134
Marsabit,2016-09,43.3,42.7,42.4,0.014051522248243353
Marsabit,2016-10,46.5,43.3,42.7,0.07390300230946889
Marsabit,2016-11,45.8,46.5,43.3,-0.01505376344086029
Marsabit,2016-12,45.5,45.8,46.5,-0.0065502183406113135
Marsabit,2017-01,46.7,45.5,45.8,0.026373626373626502
Marsabit,2017-02,47.0,46.7,45.5,0.0064239828693790635
Marsabit,2017-03,47.0,47.0,46.7,0.0
Marsabit,2017-04,52.9,47.0,47.0,0.12553191489361692
Marsabit,2017-05,47.0,52.9,47.0,-0.11153119092627595
Marsabit,2017-06,49.0,47.0,52.9,0.042553191489361764
Marsabit,2017-07,49.0,49.0,47.0,0.0
Marsabit,2017-08,52.0,49.0,49.0,0.061224489795918435
Marsabit,2017-09,53.0,52.0,49.0,0.019230769230769162
Marsabit,2017-10,53.0,53.0,52.0,0.0
Marsabit,2017-11,48.0,53.0,53.0,-0.09433962264150941
Marsabit,2017-12,48.0,48.0,53.0,0.0
Marsabit,2018-01,48.0,48.0,48.0,0.0
Marsabit,2018-02,53.0,48.0,48.0,0.10416666666666674
Marsabit,2018-03,53.0,53.0,48.0,0.0
Marsabit,2018-04,53.0,53.0,53.0,0.0
Marsabit,2018-05,48.0,53.0,53.0,-0.09433962264150941
Marsabit,2018-06,48.0,48.0,53.0,0.0
Marsabit,2018-07,41.0,48.0,48.0,-0.14583333333333337
Marsabit,2018-08,39.0,41.0,48.0,-0.04878048780487809
Marsabit,2018-09,41.0,39.0,41.0,0.05128205128205132
Marsabit,2018-10,42.0,41.0,39.0,0.024390243902439046
Marsabit,2018-11,42.0,42.0,41.0,0.0
Marsabit,2018-12,43.0,42.0,42.0,0.023809523809523725
Marsabit,2019-01,43.0,43.0,42.0,0.0
Marsabit,2019-02,44.0,43.0,43.0,0.023255813953488413
Marsabit,2019-03,47.0,44.0,43.0,0.06818181818181812
Marsabit,2019-04,47.0,47.0,44.0,0.0
Marsabit,2019-05,47.0,47.0,47.0,0.0
Marsabit,2019-06,47.0,47.0,47.0,0.0
Marsabit,2019-07,46.0,47.0,47.0,-0.021276595744680882
Marsabit,2019-08,46.8,46.0,47.0,0.017391304347825987
Marsabit,2019-09,46.5,46.8,46.0,-0.0064102564102563875
Marsabit,2019-10,46.5,46.5,46.8,0.0
Marsabit,2019-11,49.0,46.5,46.5,0.053763440860215006
Marsabit,2019-12,45.0,49.0,46.5,-0.08163265306122447
Marsabit,2020-01,45.0,45.0,49.0,0.0
Marsabit,2020-02,45.0,45.0,45.0,0.0
Marsabit,2020-03,43.0,45.0,45.0,-0.0444444444444444
Marsabit,2020-04,43.0,43.0,45.0,0.0
Marsabit,2020-05,48.0,43.0,43.0,0.11627906976744184
Marsabit,2020-06,48.0,48.0,43.0,0.0
Marsabit,2020-07,48.0,48.0,48.0,0.0
Marsabit,2020-08,45.0,48.0,48.0,-0.0625
Marsabit,2020-09,45.0,45.0,48.0,0.0
Marsabit,2020-10,45.0,45.0,45.0,0.0
Marsabit,2020-11,45.0,45.0,45.0,0.0
Marsabit,2020-12,45.0,45.0,45.0,0.0
Marsabit,2021-01,45.0,45.0,45.0,0.0
Marsabit,2021-02,45.0,45.0,45.0,0.0
Marsabit,2021-03,45.0,45.0,45.0,0.0
Marsabit,2021-04,45.0,45.0,45.0,0.0
Marsabit,2021-05,45.0,45.0,45.0,0.0
Marsabit,2021-06,40.0,45.0,45.0,-0.11111111111111116
Marsabit,2021-07,40.0,40.0,45.0,0.0
Marsabit,2021-08,40.0,40.0,40.0,0.0
Marsabit,2021-09,40.0,40.0,40.0,0.0
Marsabit,2021-10,40.0,40.0,40.0,0.0
Marsabit,2021-11,40.0,40.0,40.0,0.0
Marsabit,2021-12,40.0,40.0,40.0,0.0
Marsabit,2022-01,40.0,40.0,40.0,0.0
Marsabit,2022-02,40.0,40.0,40.0,0.0
Marsabit,2022-03,40.0,40.0,40.0,0.0
Marsabit,2022-04,40.0,40.0,40.0,0.0
Marsabit,2022-05,40.0,40.0,40.0,0.0
Marsabit,2022-06,40.0,40.0,40.0,0.0
Marsabit,2022-07,40.0,40.0,40.0,0.0
Marsabit,2022-08,40.0,40.0,40.0,0.0
Marsabit,2022-09,40.0,40.0,40.0,0.0
Marsabit,2022-10,40.0,40.0,40.0,0.0
Marsabit,2022-11,40.0,40.0,40.0,0.0
Marsabit,2022-12,40.0,40.0,40.0,0.0
Marsabit,2023-01,40.0,40.0,40.0,0.0
Marsabit,2023-02,40.0,40.0,40.0,0.0
Marsabit,2023-03,40.0,40.0,40.0,0.0
Marsabit,2023-04,40.0,40.0,40.0,0.0
Marsabit,2023-05,40.0,40.0,40.0,0.0
Marsabit,2023-06,40.0,40.0,40.0,0.0
Marsabit,2023-07,40.0,40.0,40.0,0.0
Marsabit,2023-08,40.0,40.0,40.0,0.0
Marsabit,2023-09,40.0,40.0,40.0,0.0
Marsabit,2023-10,40.0,40.0,40.0,0.0
Marsabit,2023-11,40.0,40.0,40.0,0.0
Marsabit,2023-12,40.0,40.0,40.0,0.0
Marsabit,2024-01,40.0,40.0,40.0,0.0
Marsabit,2024-02,40.0,40.0,40.0,0.0
Marsabit,2024-03,40.0,40.0,40.0,0.0
Marsabit,2024-04,40.0,40.0,40.0,0.0
Marsabit,2024-05,40.0,40.0,40.0,0.0
Marsabit,2024-06,40.0,40.0,40.0,0.0
Marsabit,2024-07,40.0,40.0,40.0,0.0
Marsabit,2024-08,40.0,40.0,40.0,0.0
Marsabit,2024-09,40.0,40.0,40.0,0.0
Marsabit,2024-10,40.0,40.0,40.0,0.0
Marsabit,2024-11,40.0,40.0,40.0,0.0
Marsabit,2024-12,40.0,40.0,40.0,0.0
Marsabit,2025-01,40.0,40.0,40.0,0.0
Marsabit,2025-02,40.0,40.0,40.0,0.0
Marsabit,2025-03,40.0,40.0,40.0,0.0
Marsabit,2025-04,40.0,40.0,40.0,0.0
Marsabit,2025-05,40.0,40.0,40.0,0.0
Marsabit,2025-06,40.0,40.0,40.0,0.0
Marsabit,2025-07,40.0,40.0,40.0,0.0
Marsabit,2025-08,40.0,40.0,40.0,0.0
Marsabit,2025-09,40.0,40.0,40.0,0.0
Marsabit,2025-10,40.0,40.0,40.0,0.0
Marsabit,2025-11,40.0,40.0,40.0,0.0
Mombasa,2015-01,28.11,0.0,0.0,0.0
Mombasa,2015-02,28.11,28.11,0.0,0.0
Mombasa,2015-03,28.11,28.11,28.11,0.0
Mombasa,2015-04,28.11,28.11,28.11,0.0
Mombasa,2015-05,35.22222222222222,28.11,28.11,0.25301395312067676
Mombasa,2015-06,35.22222222222222,35.22222222222222,28.11,0.0
Mombasa,2015-07,34.81477777777778,35.22222222222222,35.22222222222222,-0.011567823343848538
Mombasa,2015-08,33.888888888888886,34.81477777777778,35.22222222222222,-0.026594709143307638
Mombasa,2015-09,29.61111111111111,33.888888888888886,34.81477777777778,-0.1262295081967213
Mombasa,2015-10,29.61111111111111,29.61111111111111,33.888888888888886,0.0
Mombasa,2015-11,28.88888888888889,29.61111111111111,29.61111111111111,-0.024390243902439046
Mombasa,2015-12,29.365000000000002,28.88888888888889,29.61111111111111,0.016480769230769354
Mombasa,2016-01,30.23,29.365000000000002,28.88888888888889,0.029456836369827988
Mombasa,2016-02,29.66,30.23,29.365000000000002,-0.018855441614290425
Mombasa,2016-03,27.503333333333334,29.66,30.23,-0.07271296920656323
Mombasa,2016-04,29.19,27.503333333333334,29.66,0.0613258998909223
Mombasa,2016-05,29.157777777777778,29.19,27.503333333333334,-0.0011038788017205814
Mombasa,2016-06,29.85,29.157777777777778,29.19,0.023740568554226016
Mombasa,2016-07,31.94,29.85,29.157777777777778,0.07001675041876054
Mombasa,2016-08,33.730555555555554,31.94,29.85,0.05605997356153902
Mombasa,2016-09,32.47944444444445,33.730555555555554,31.94,-0.037091328337313545
Mombasa,2016-10,32.99,32.47944444444445,33.730555555555554,0.015719343858508816
Mombasa,2016-11,36.64,32.99,32.47944444444445,0.11063958775386484
Mombasa,2016-12,33.02,36.64,32.99,-0.09879912663755452
Mombasa,2017-01,36.251666666666665,33.02,36.64,0.09786997779123752
Mombasa,2017-02,41.36277777777778,36.251666666666665,33.02,0.14098968629794806
Mombasa,2017-03,47.23222222222222,41.36277777777778,36.251666666666665,0.1419016023531623
Mombasa,2017-04,50.33666666666667,47.23222222222222,41.36277777777778,0.06572725775718102
Mombasa,2017-05,55.69,50.33666666666667,47.23222222222222,0.10635057280974758
Mombasa,2017-06,52.622777777777785,55.69,50.33666666666667,-0.05507671435126982
Mombasa,2017-07,47.95,52.622777777777785,55.69,-0.08879762671424507
Mombasa,2017-08,39.15555555555556,47.95,52.622777777777785,-0.18340864326265782
Mombasa,2017-09,33.92222222222222,39.15555555555556,47.95,-0.13365493757094227
Mombasa,2017-10,32.666666666666664,33.92222222222222,39.15555555555556,-0.03701277432034056
Mombasa,2017-11,33.27777777777778,32.666666666666664,33.92222222222222,0.018707482993197466
Mombasa,2017-12,30.195,33.27777777777778,32.666666666666664,-0.09263772954924876
Mombasa,2018-01,31.695,30.195,33.27777777777778,0.04967709885742666
Mombasa,2018-02,31.434444444444445,31.695,30.195,-0.008220714799039408
Mombasa,2018-03,29.13722222222222,31.434444444444445,31.695,-0.07307977802127896
Mombasa,2018-04,28.21277777777778,29.13722222222222,31.434444444444445,-0.03172726752721777
Mombasa,2018-05,28.083333333333336,28.21277777777778,29.13722222222222,-0.004588149577614553
Mombasa,2018-06,29.854444444444447,28.083333333333336,28.21277777777778,0.06306627101879325
Mombasa,2018-07,28.666666666666668,29.854444444444447,28.083333333333336,-0.0397856265584875
Mombasa,2018-08,23.44,28.666666666666668,29.854444444444447,-0.18232558139534882
Mombasa,2018-09,23.191666666666666,23.44,28.666666666666668,-0.010594425483504089
Mombasa,2018-10,20.23,23.191666666666666,23.44,-0.12770391663672298
Mombasa,2018-11,23.589444444444446,20.23,23.191666666666666,0.16606250343274565
Mombasa,2018-12,25.97,23.589444444444446,20.23,0.10091613480605721
Mombasa,2019-01,25.815555555555555,25.97,23.589444444444446,-0.005947032901210791
Mombasa,2019-02,25.37388888888889,25.815555555555555,25.97,-0.017108547817853093
Mombasa,2019-03,25.82,25.37388888888889,25.815555555555555,0.017581503295163392
Mombasa,2019-04,34.04383333333334,25.82,25.37388888888889,0.318506325845598
Mombasa,2019-05,40.61,34.04383333333334,25.82,0.19287389297131607
Mombasa,2019-06,40.61,40.61,34.04383333333334,0.0
Mombasa,2019-07,40.53333333333333,40.61,40.61,-0.001887876549290013
Mombasa,2019-08,40.725,40.53333333333333,40.61,0.004728618421052655
Mombasa,2019-09,40.55555555555556,40.725,40.53333333333333,-0.004160698451674549
Mombasa,2019-10,41.111111111111114,40.55555555555556,40.725,0.013698630136986356
Mombasa,2019-11,41.111111111111114,41.111111111111114,40.55555555555556,0.0
Mombasa,2019-12,41.111111111111114,41.111111111111114,41.111111111111114,0.0
Mombasa,2020-01,37.43888888888889,41.111111111111114,41.111111111111114,-0.08932432432432436
Mombasa,2020-02,35.204166666666666,37.43888888888889,41.111111111111114,-0.0596898649651284
Mombasa,2020-03,31.38,35.204166666666666,37.43888888888889,-0.10862824002840576
Mombasa,2020-04,31.38,31.38,35.204166666666666,0.0
Mombasa,2020-05,31.38,31.38,31.38,0.0
Mombasa,2020-06,31.38,31.38,31.38,0.0
Mombasa,2020-07,31.38,31.38,31.38,0.0
Mombasa,2020-08,31.38,31.38,31.38,0.0
Mombasa,2020-09,31.38,31.38,31.38,0.0
Mombasa,2020-10,31.38,31.38,31.38,0.0
Mombasa,2020-11,31.38,31.38,31.38,0.0
Mombasa,2020-12,31.38,31.38,31.38,0.0
Mombasa,2021-01,35.13,31.38,31.38,0.1195028680688337
Mombasa,2021-02,33.04,35.13,31.38,-0.05949331056077434
Mombasa,2021-03,33.75,33.04,35.13,0.021489104116222846
Mombasa,2021-04,45.723333333333336,33.75,33.04,0.35476543209876543
Mombasa,2021-05,33.1,45.723333333333336,33.75,-0.2760807756798134
Mombasa,2021-06,42.78,33.1,45.723333333333336,0.2924471299093656
Mombasa,2021-07,47.166666666666664,42.78,33.1,0.10254012778556953
Mombasa,2021-08,50.44,47.166666666666664,42.78,0.06939929328621908
Mombasa,2021-09,56.667500000000004,50.44,47.166666666666664,0.12346352101506763
Mombasa,2021-10,51.34400000000001,56.667500000000004,50.44,-0.09394273613623316
Mombasa,2021-11,48.76666666666667,51.34400000000001,56.667500000000004,-0.05019736158720267
Mombasa,2021-12,48.76666666666667,48.76666666666667,51.34400000000001,0.0
Mombasa,2022-01,48.76666666666667,48.76666666666667,48.76666666666667,0.0
Mombasa,2022-02,48.76666666666667,48.76666666666667,48.76666666666667,0.0
Mombasa,2022-03,48.76666666666667,48.76666666666667,48.76666666666667,0.0
Mombasa,2022-04,48.76666666666667,48.76666666666667,48.76666666666667,0.0
Mombasa,2022-05,48.76666666666667,48.76666666666667,48.76666666666667,0.0
Mombasa,2022-06,48.76666666666667,48.76666666666667,48.76666666666667,0.0
Mombasa,2022-07,48.76666666666667,48.76666666666667,48.76666666666667,0.0
Mombasa,2022-08,48.76666666666667,48.76666666666667,48.76666666666667,0.0
Mombasa,2022-09,48.76666666666667,48.76666666666667,48.76666666666667,0.0
Mombasa,2022-10,48.76666666666667,48.76666666666667,48.76666666666667,0.0
Mombasa,2022-11,48.76666666666667,48.76666666666667,48.76666666666667,0.0
Mombasa,2022-12,48.76666666666667,48.76666666666667,48.76666666666667,0.0
Mombasa,2023-01,48.76666666666667,48.76666666666667,48.76666666666667,0.0
Mombasa,2023-02,48.76666666666667,48.76666666666667,48.76666666666667,0.0
Mombasa,2023-03,48.76666666666667,48.76666666666667,48.76666666666667,0.0
Mombasa,2023-04,48.76666666666667,48.76666666666667,48.76666666666667,0.0
Mombasa,2023-05,48.76666666666667,48.76666666666667,48.76666666666667,0.0
Mombasa,2023-06,48.76666666666667,48.76666666666667,48.76666666666667,0.0
Mombasa,2023-07,48.76666666666667,48.76666666666667,48.76666666666667,0.0
Mombasa,2023-08,48.76666666666667,48.76666666666667,48.76666666666667,0.0
Mombasa,2023-09,48.76666666666667,48.76666666666667,48.76666666666667,0.0
Mombasa,2023-10,48.76666666666667,48.76666666666667,48.76666666666667,0.0
Mombasa,2023-11,48.76666666666667,48.76666666666667,48.76666666666667,0.0
Mombasa,2023-12,48.76666666666667,48.76666666666667,48.76666666666667,0.0
Mombasa,2024-01,48.76666666666667,48.76666666666667,48.76666666666667,0.0
Mombasa,2024-02,48.76666666666667,48.76666666666667,48.76666666666667,0.0
Mombasa,2024-03,48.76666666666667,48.76666666666667,48.76666666666667,0.0
Mombasa,2024-04,48.76666666666667,48.76666666666667,48.76666666666667,0.0
Mombasa,2024-05,48.76666666666667,48.76666666666667,48.76666666666667,0.0
Mombasa,2024-06,48.76666666666667,48.76666666666667,48.76666666666667,0.0
Mombasa,2024-07,48.76666666666667,48.76666666666667,48.76666666666667,0.0
Mombasa,2024-08,48.76666666666667,48.76666666666667,48.76666666666667,0.0
Mombasa,2024-09,48.76666666666667,48.76666666666667,48.76666666666667,0.0
Mombasa,2024-10,48.76666666666667,48.76666666666667,48.76666666666667,0.0
Mombasa,2024-11,48.76666666666667,48.76666666666667,48.76666666666667,0.0
Mombasa,2024-12,48.76666666666667,48.76666666666667,48.76666666666667,0.0
Mombasa,2025-01,48.76666666666667,48.76666666666667,48.76666666666667,0.0
Mombasa,2025-02,48.76666666666667,48.76666666666667,48.76666666666667,0.0
Mombasa,2025-03,48.76666666666667,48.76666666666667,48.76666666666667,0.0
Mombasa,2025-04,48.76666666666667,48.76666666666667,48.76666666666667,0.0
Mombasa,2025-05,48.76666666666667,48.76666666666667,48.76666666666667,0.0
Mombasa,2025-06,48.76666666666667,48.76666666666667,48.76666666666667,0.0
Mombasa,2025-07,48.76666666666667,48.76666666666667,48.76666666666667,0.0
Mombasa,2025-08,48.76666666666667,48.76666666666667,48.76666666666667,0.0
Mombasa,2025-09,48.76666666666667,48.76666666666667,48.76666666666667,0.0
Mombasa,2025-10,48.76666666666667,48.76666666666667,48.76666666666667,0.0
Mombasa,2025-11,48.76666666666667,48.76666666666667,48.76666666666667,0.0
Nairobi,2015-01,26.87388888888889,0.0,0.0,0.0
Nairobi,2015-02,26.045555555555556,26.87388888888889,0.0,-0.030822979761437108
Nairobi,2015-03,26.136833333333335,26.045555555555556,26.87388888888889,0.0035045433215308286
Nairobi,2015-04,32.12388888888889,26.136833333333335,26.045555555555556,0.22906583514537804
Nairobi,2015-05,34.36666666666667,32.12388888888889,26.136833333333335,0.0698165090016083
Nairobi,2015-06,35.56,34.36666666666667,32.12388888888889,0.03472356935014553
Nairobi,2015-07,34.4785,35.56,34.36666666666667,-0.030413385826771777
Nairobi,2015-08,38.2,34.4785,35.56,0.10793683019852973
Nairobi,2015-09,34.16444444444444,38.2,34.4785,-0.10564281559045974
Nairobi,2015-10,32.19555555555556,34.16444444444444,38.2,-0.05762976453753077
Nairobi,2015-11,31.935,32.19555555555556,34.16444444444444,-0.008092904472667195
Nairobi,2015-12,30.729444444444447,31.935,32.19555555555556,-0.0377502913904979
Nairobi,2016-01,29.64277777777778,30.729444444444447,31.935,-0.03536239220436421
Nairobi,2016-02,30.295,29.64277777777778,30.729444444444447,0.022002736285773095
Nairobi,2016-03,29.881666666666668,30.295,29.64277777777778,-0.013643615558122879
Nairobi,2016-04,31.05,29.881666666666668,30.295,0.03909866696413622
Nairobi,2016-05,30.81,31.05,29.881666666666668,-0.007729468599033895
Nairobi,2016-06,29.89,30.81,31.05,-0.02986043492372603
Nairobi,2016-07,30.766111111111112,29.89,30.81,0.029311178023121887
Nairobi,2016-08,29.96,30.766111111111112,29.89,-0.026201267628523484
Nairobi,2016-09,31.36611111111111,29.96,30.766111111111112,0.04693294763388223
Nairobi,2016-10,32.17,31.36611111111111,29.96,0.02562921766237447
Nairobi,2016-11,32.0,32.17,31.36611111111111,-0.005284426484302163
Nairobi,2016-12,31.144444444444446,32.0,32.17,-0.02673611111111107
Nairobi,2017-01,32.83,31.144444444444446,32.0,0.05412058508740625
Nairobi,2017-02,41.468333333333334,32.83,31.144444444444446,0.2631231597116459
Nairobi,2017-03,44.16166666666667,41.468333333333334,32.83,0.06494915799204226
Nairobi,2017-04,45.0,44.16166666666667,41.468333333333334,0.018983281126165208
Nairobi,2017-05,49.2,45.0,44.16166666666667,0.09333333333333349
Nairobi,2017-06,54.75555555555556,49.2,45.0,0.11291779584462525
Nairobi,2017-07,51.025,54.75555555555556,49.2,-0.06813108766233777
Nairobi,2017-08,43.10111111111111,51.025,54.75555555555556,-0.15529424574010564
Nairobi,2017-09,42.4,43.10111111111111,51.025,-0.016266659792219862
Nairobi,2017-10,37.74,42.4,43.10111111111111,-0.10990566037735838
Nairobi,2017-11,39.94,37.74,42.4,0.05829358770535231
Nairobi,2017-12,37.126555555555555,39.94,37.74,-0.07044177377176875
Nairobi,2018-01,37.80166666666667,37.126555555555555,39.94,0.018184049153196824
Nairobi,2018-02,35.15222222222222,37.80166666666667,37.126555555555555,-0.07008803256764118
Nairobi,2018-03,32.97,35.15222222222222,37.80166666666667,-0.06207921105035241
Nairobi,2018-04,32.97,32.97,35.15222222222222,0.0
Nairobi,2018-05,32.64,32.97,32.97,-0.010009099181073622
Nairobi,2018-06,31.05166666666667,32.64,32.97,-0.048662173202614345
Nairobi,2018-07,29.539444444444445,31.05166666666667,32.64,-0.04870019501547607
Nairobi,2018-08,28.072222222222223,29.539444444444445,31.05166666666667,-0.04966993285813692
Nairobi,2018-09,25.1,28.072222222222223,29.539444444444445,-0.10587769641796951
Nairobi,2018-10,22.19611111111111,25.1,28.072222222222223,-0.115692784417884
Nairobi,2018-11,22.395555555555553,22.19611111111111,25.1,0.008985558030685903
Nairobi,2018-12,24.46,22.395555555555553,22.19611111111111,0.09218098829132781
Nairobi,2019-01,26.310555555555556,24.46,22.395555555555553,0.07565640047242672
Nairobi,2019-02,27.08,26.310555555555556,24.46,0.029244705335838894
Nairobi,2019-03,25.995555555555555,27.08,26.310555555555556,-0.040045954373871595
Nairobi,2019-04,31.3,25.995555555555555,27.08,0.20405197469652947
Nairobi,2019-05,36.88666666666667,31.3,25.995555555555555,0.1784877529286475
Nairobi,2019-06,33.47916666666667,36.88666666666667,31.3,-0.09237755286463034
Nairobi,2019-07,45.045,33.47916666666667,36.88666666666667,0.3454635967641566
Nairobi,2019-08,39.58416666666667,45.045,33.47916666666667,-0.12123062123062123
Nairobi,2019-09,40.19722222222222,39.58416666666667,45.045,0.015487393247861414
Nairobi,2019-10,41.26,40.19722222222222,39.58416666666667,0.02643908506668513
Nairobi,2019-11,39.87166666666667,41.26,40.19722222222222,-0.033648408466634194
Nairobi,2019-12,39.05888888888889,39.87166666666667,41.26,-0.020384845824799158
Nairobi,2020-01,37.28611111111111,39.05888888888889,39.87166666666667,-0.04538730691548365
Nairobi,2020-02,37.01444444444444,37.28611111111111,39.05888888888889,-0.007286001638977968
Nairobi,2020-03,31.1525,37.01444444444444,37.28611111111111,-0.15836910515414404
Nairobi,2020-04,34.66,31.1525,37.01444444444444,0.11259128480860281
Nairobi,2020-05,34.66,34.66,31.1525,0.0
Nairobi,2020-06,34.66,34.66,34.66,0.0
Nairobi,2020-07,31.96,34.66,34.66,-0.07789959607616836
Nairobi,2020-08,42.455,31.96,34.66,0.3283792240300374
Nairobi,2020-09,33.17,42.455,31.96,-0.21870215522317737
Nairobi,2020-10,33.97,33.17,42.455,0.024118179077479596
Nairobi,2020-11,33.77,33.97,33.17,-0.005887547836326057
Nairobi,2020-12,33.77,33.77,33.97,0.0
Nairobi,2021-01,42.525,33.77,33.77,0.2592537755404203
Nairobi,2021-02,43.086666666666666,42.525,33.77,0.013207916911620599
Nairobi,2021-03,45.4075,43.086666666666666,42.525,0.053864304502553084
Nairobi,2021-04,42.76333333333334,45.4075,43.086666666666666,-0.05823193672117288
Nairobi,2021-05,45.7,42.76333333333334,45.4075,0.06867253877932789
Nairobi,2021-06,46.449999999999996,45.7,42.76333333333334,0.01641137855579844
Nairobi,2021-07,45.75,46.449999999999996,45.7,-0.015069967707211918
Nairobi,2021-08,45.95,45.75,46.449999999999996,0.004371584699453646
Nairobi,2021-09,42.74,45.95,45.75,-0.06985854189336238
Nairobi,2021-10,44.446,42.74,45.95,0.03991576977070643
Nairobi,2021-11,45.7175,44.446,42.74,0.02860774872879457
Nairobi,2021-12,51.25,45.7175,44.446,0.12101492863783014
Nairobi,2022-01,53.75,51.25,45.7175,0.04878048780487809
Nairobi,2022-02,40.04,53.75,51.25,-0.2550697674418605
Nairobi,2022-03,25.03,40.04,53.75,-0.37487512487512487
Nairobi,2022-04,25.03,25.03,40.04,0.0
Nairobi,2022-05,25.03,25.03,25.03,0.0
Nairobi,2022-06,25.03,25.03,25.03,0.0
Nairobi,2022-07,25.03,25.03,25.03,0.0
Nairobi,2022-08,25.03,25.03,25.03,0.0
Nairobi,2022-09,25.03,25.03,25.03,0.0
Nairobi,2022-10,25.03,25.03,25.03,0.0
Nairobi,2022-11,25.03,25.03,25.03,0.0
Nairobi,2022-12,25.03,25.03,25.03,0.0
Nairobi,2023-01,25.03,25.03,25.03,0.0
Nairobi,2023-02,25.03,25.03,25.03,0.0
Nairobi,2023-03,25.03,25.03,25.03,0.0
Nairobi,2023-04,25.03,25.03,25.03,0.0
Nairobi,2023-05,25.03,25.03,25.03,0.0
Nairobi,2023-06,25.03,25.03,25.03,0.0
Nairobi,2023-07,25.03,25.03,25.03,0.0
Nairobi,2023-08,25.03,25.03,25.03,0.0
Nairobi,2023-09,25.03,25.03,25.03,0.0
Nairobi,2023-10,25.03,25.03,25.03,0.0
Nairobi,2023-11,25.03,25.03,25.03,0.0
Nairobi,2023-12,25.03,25.03,25.03,0.0
Nairobi,2024-01,25.03,25.03,25.03,0.0
Nairobi,2024-02,25.03,25.03,25.03,0.0
Nairobi,2024-03,25.03,25.03,25.03,0.0
Nairobi,2024-04,25.03,25.03,25.03,0.0
Nairobi,2024-05,25.03,25.03,25.03,0.0
Nairobi,2024-06,25.03,25.03,25.03,0.0
Nairobi,2024-07,25.03,25.03,25.03,0.0
Nairobi,2024-08,25.03,25.03,25.03,0.0
Nairobi,2024-09,25.03,25.03,25.03,0.0
Nairobi,2024-10,25.03,25.03,25.03,0.0
Nairobi,2024-11,25.03,25.03,25.03,0.0
Nairobi,2024-12,25.03,25.03,25.03,0.0
Nairobi,2025-01,25.03,25.03,25.03,0.0
Nairobi,2025-02,25.03,25.03,25.03,0.0
Nairobi,2025-03,25.03,25.03,25.03,0.0
Nairobi,2025-04,25.03,25.03,25.03,0.0
Nairobi,2025-05,25.03,25.03,25.03,0.0
Nairobi,2025-06,25.03,25.03,25.03,0.0
Nairobi,2025-07,25.03,25.03,25.03,0.0
Nairobi,2025-08,25.03,25.03,25.03,0.0
Nairobi,2025-09,25.03,25.03,25.03,0.0
Nairobi,2025-10,25.03,25.03,25.03,0.0
Nairobi,2025-11,25.03,25.03,25.03,0.0
Nakuru,2015-01,23.165,0.0,0.0,0.0
Nakuru,2015-02,23.165,23.165,0.0,0.0
Nakuru,2015-03,23.333333333333332,23.165,23.165,0.007266709835239915
Nakuru,2015-04,28.29,23.333333333333332,23.165,0.2124285714285714
Nakuru,2015-05,27.77777777777778,28.29,23.333333333333332,-0.01810612309021631
Nakuru,2015-06,29.444444444444443,27.77777777777778,28.29,0.05999999999999983
Nakuru,2015-07,29.77777777777778,29.444444444444443,27.77777777777778,0.01132075471698113
Nakuru,2015-08,28.334444444444443,29.77777777777778,29.444444444444443,-0.04847014925373139
Nakuru,2015-09,25.755000000000003,28.334444444444443,29.77777777777778,-0.09103564566095435
Nakuru,2015-10,26.677777777777777,25.755000000000003,28.334444444444443,0.035829073103388565
Nakuru,2015-11,24.54,26.677777777777777,25.755000000000003,-0.08013327780091628
Nakuru,2015-12,24.54,24.54,26.677777777777777,0.0
Nakuru,2016-01,24.54,24.54,24.54,0.0
Nakuru,2016-02,26.662777777777777,24.54,24.54,0.08650276193063489
Nakuru,2016-03,25.49277777777778,26.662777777777777,24.54,-0.043881399370741536
Nakuru,2016-04,25.67,25.49277777777778,26.662777777777777,0.006951860003922672
Nakuru,2016-05,27.29277777777778,25.67,25.49277777777778,0.0632168982383241
Nakuru,2016-06,26.666666666666668,27.29277777777778,25.67,-0.022940541860891117
Nakuru,2016-07,29.11111111111111,26.666666666666668,27.29277777777778,0.09166666666666656
Nakuru,2016-08,30.666666666666668,29.11111111111111,26.666666666666668,0.05343511450381677
Nakuru,2016-09,29.41,30.666666666666668,29.11111111111111,-0.04097826086956524
Nakuru,2016-10,27.0,29.41,30.666666666666668,-0.0819449166950017
Nakuru,2016-11,27.003888888888888,27.0,29.41,0.000144032921810755
Nakuru,2016-12,29.81,27.003888888888888,27.0,0.10391507396054056
Nakuru,2017-01,29.11111111111111,29.81,27.003888888888888,-0.023444779902344504
Nakuru,2017-02,35.18277777777778,29.11111111111111,29.81,0.2085687022900764
Nakuru,2017-03,46.55,35.18277777777778,29.11111111111111,0.3230905272466009
Nakuru,2017-04,45.79,46.55,35.18277777777778,-0.01632653061224487
Nakuru,2017-05,45.79,45.79,46.55,0.0
Nakuru,2017-06,45.79,45.79,45.79,0.0
Nakuru,2017-07,34.06,45.79,45.79,-0.2561694693164446
Nakuru,2017-08,31.39,34.06,45.79,-0.07839107457428074
Nakuru,2017-09,31.39,31.39,34.06,0.0
Nakuru,2017-10,29.079444444444444,31.39,31.39,-0.073608013875615
Nakuru,2017-11,27.595,29.079444444444444,31.39,-0.051047895611638694
Nakuru,2017-12,27.595,27.595,29.079444444444444,0.0
Nakuru,2018-01,27.333333333333332,27.595,27.595,-0.00948239415353025
Nakuru,2018-02,27.36888888888889,27.333333333333332,27.595,0.0013008130081302305
Nakuru,2018-03,27.77777777777778,27.36888888888889,27.333333333333332,0.014939915556998917
Nakuru,2018-04,26.03388888888889,27.77777777777778,27.36888888888889,-0.06278000000000006
Nakuru,2018-05,25.11888888888889,26.03388888888889,27.77777777777778,-0.035146497087130024
Nakuru,2018-06,25.11888888888889,25.11888888888889,26.03388888888889,0.0
Nakuru,2018-07,22.666666666666664,25.11888888888889,25.11888888888889,-0.09762462953952333
Nakuru,2018-08,21.77777777777778,22.666666666666664,25.11888888888889,-0.039215686274509665
Nakuru,2018-09,15.98,21.77777777777778,22.666666666666664,-0.2662244897959184
Nakuru,2018-10,13.772222222222222,15.98,21.77777777777778,-0.1381588096231401
Nakuru,2018-11,13.772222222222222,13.772222222222222,15.98,0.0
Nakuru,2018-12,17.65,13.772222222222222,13.772222222222222,0.2815651472367888
Nakuru,2019-01,17.65,17.65,13.772222222222222,0.0
Nakuru,2019-02,17.48611111111111,17.65,17.65,-0.009285489455461038
Nakuru,2019-03,20.533333333333335,17.48611111111111,17.65,0.17426528991262913
Nakuru,2019-04,28.61111111111111,20.533333333333335,17.48611111111111,0.3933982683982682
Nakuru,2019-05,32.666666666666664,28.61111111111111,20.533333333333335,0.14174757281553396
Nakuru,2019-06,30.0,32.666666666666664,28.61111111111111,-0.08163265306122447
Nakuru,2019-07,36.34,30.0,32.666666666666664,0.21133333333333337
Nakuru,2019-08,40.870000000000005,36.34,30.0,0.12465602641717122
Nakuru,2019-09,33.28277777777778,40.870000000000005,36.34,-0.18564282413071254
Nakuru,2019-10,30.805555555555557,33.28277777777778,40.870000000000005,-0.07442955148642116
Nakuru,2019-11,30.805555555555557,30.805555555555557,33.28277777777778,0.0
Nakuru,2019-12,31.11111111111111,30.805555555555557,30.805555555555557,0.009918845807033394
Nakuru,2020-01,31.11111111111111,31.11111111111111,30.805555555555557,0.0
Nakuru,2020-02,31.11111111111111,31.11111111111111,31.11111111111111,0.0
Nakuru,2020-03,30.987666666666666,31.11111111111111,31.11111111111111,-0.00396785714285719
Nakuru,2020-04,37.55,30.987666666666666,31.11111111111111,0.21177242558867504
Nakuru,2020-05,37.55,37.55,30.987666666666666,0.0
Nakuru,2020-06,37.55,37.55,37.55,0.0
Nakuru,2020-07,37.55,37.55,37.55,0.0
Nakuru,2020-08,32.24,37.55,37.55,-0.1414114513981357
Nakuru,2020-09,32.24,32.24,37.55,0.0
Nakuru,2020-10,28.52,32.24,32.24,-0.11538461538461542
Nakuru,2020-11,25.42,28.52,32.24,-0.10869565217391297
Nakuru,2020-12,25.42,25.42,28.52,0.0
Nakuru,2021-01,25.42,25.42,25.42,0.0
Nakuru,2021-02,25.42,25.42,25.42,0.0
Nakuru,2021-03,27.62,25.42,25.42,0.08654602675058998
Nakuru,2021-04,28.93,27.62,25.42,0.047429398986241766
Nakuru,2021-05,30.09,28.93,27.62,0.04009678534393357
Nakuru,2021-06,30.09,30.09,28.93,0.0
Nakuru,2021-07,30.0,30.09,30.09,-0.0029910269192422456
Nakuru,2021-08,30.0,30.0,30.09,0.0
Nakuru,2021-09,29.88,30.0,30.0,-0.0040000000000000036
Nakuru,2021-10,29.88,29.88,30.0,0.0
Nakuru,2021-11,29.88,29.88,29.88,0.0
Nakuru,2021-12,29.88,29.88,29.88,0.0
Nakuru,2022-01,29.88,29.88,29.88,0.0
Nakuru,2022-02,29.88,29.88,29.88,0.0
Nakuru,2022-03,29.88,29.88,29.88,0.0
Nakuru,2022-04,29.88,29.88,29.88,0.0
Nakuru,2022-05,29.88,29.88,29.88,0.0
Nakuru,2022-06,29.88,29.88,29.88,0.0
Nakuru,2022-07,29.88,29.88,29.88,0.0
Nakuru,2022-08,29.88,29.88,29.88,0.0
Nakuru,2022-09,29.88,29.88,29.88,0.0
Nakuru,2022-10,29.88,29.88,29.88,0.0
Nakuru,2022-11,29.88,29.88,29.88,0.0
Nakuru,2022-12,29.88,29.88,29.88,0.0
Nakuru,2023-01,29.88,29.88,29.88,0.0
Nakuru,2023-02,29.88,29.88,29.88,0.0
Nakuru,2023-03,29.88,29.88,29.88,0.0
Nakuru,2023-04,29.88,29.88,29.88,0.0
Nakuru,2023-05,29.88,29.88,29.88,0.0
Nakuru,2023-06,29.88,29.88,29.88,0.0
Nakuru,2023-07,29.88,29.88,29.88,0.0
Nakuru,2023-08,29.88,29.88,29.88,0.0
Nakuru,2023-09,29.88,29.88,29.88,0.0
Nakuru,2023-10,29.88,29.88,29.88,0.0
Nakuru,2023-11,29.88,29.88,29.88,0.0
Nakuru,2023-12,29.88,29.88,29.88,0.0
Nakuru,2024-01,29.88,29.88,29.88,0.0
Nakuru,2024-02,29.88,29.88,29.88,0.0
Nakuru,2024-03,29.88,29.88,29.88,0.0
Nakuru,2024-04,29.88,29.88,29.88,0.0
Nakuru,2024-05,29.88,29.88,29.88,0.0
Nakuru,2024-06,29.88,29.88,29.88,0.0
Nakuru,2024-07,29.88,29.88,29.88,0.0
Nakuru,2024-08,29.88,29.88,29.88,0.0
Nakuru,2024-09,29.88,29.88,29.88,0.0
Nakuru,2024-10,29.88,29.88,29.88,0.0
Nakuru,2024-11,29.88,29.88,29.88,0.0
Nakuru,2024-12,29.88,29.88,29.88,0.0
Nakuru,2025-01,29.88,29.88,29.88,0.0
Nakuru,2025-02,29.88,29.88,29.88,0.0
Nakuru,2025-03,29.88,29.88,29.88,0.0
Nakuru,2025-04,29.88,29.88,29.88,0.0
Nakuru,2025-05,29.88,29.88,29.88,0.0
Nakuru,2025-06,29.88,29.88,29.88,0.0
Nakuru,2025-07,29.88,29.88,29.88,0.0
Nakuru,2025-08,29.88,29.88,29.88,0.0
Nakuru,2025-09,29.88,29.88,29.88,0.0
Nakuru,2025-10,29.88,29.88,29.88,0.0
Nakuru,2025-11,29.88,29.88,29.88,0.0
Tana River,2015-01,35.0,0.0,0.0,0.0
Tana River,2015-02,35.0,35.0,0.0,0.0
Tana River,2015-03,35.0,35.0,35.0,0.0
Tana River,2015-04,31.0,35.0,35.0,-0.11428571428571432
Tana River,2015-05,38.0,31.0,35.0,0.22580645161290325
Tana River,2015-06,36.0,38.0,31.0,-0.052631578947368474
Tana River,2015-07,42.0,36.0,38.0,0.16666666666666674
Tana River,2015-08,41.0,42.0,36.0,-0.023809523809523836
Tana River,2015-09,39.25,41.0,42.0,-0.04268292682926833
Tana River,2015-10,31.25,39.25,41.0,-0.20382165605095537
Tana River,2015-11,44.47,31.25,39.25,0.42303999999999986
Tana River,2015-12,42.5,44.47,31.25,-0.044299527771531344
Tana River,2016-01,42.5,42.5,44.47,0.0
Tana River,2016-02,39.38,42.5,42.5,-0.07341176470588229
Tana River,2016-03,38.35,39.38,42.5,-0.026155408836973093
Tana River,2016-04,38.35,38.35,39.38,0.0
Tana River,2016-05,41.67,38.35,38.35,0.08657105606258142
Tana River,2016-06,41.67,41.67,38.35,0.0
Tana River,2016-07,41.67,41.67,41.67,0.0
Tana River,2016-08,53.45,41.67,41.67,0.28269738420926327
Tana River,2016-09,53.45,53.45,41.67,0.0
Tana River,2016-10,53.45,53.45,53.45,0.0
Tana River,2016-11,50.0,53.45,53.45,-0.06454630495790459
Tana River,2016-12,50.0,50.0,53.45,0.0
Tana River,2017-01,50.0,50.0,50.0,0.0
Tana River,2017-02,54.5,50.0,50.0,0.09000000000000008
Tana River,2017-03,54.5,54.5,50.0,0.0
Tana River,2017-04,56.1,54.5,54.5,0.029357798165137616
Tana River,2017-05,60.0,56.1,54.5,0.06951871657754016
Tana River,2017-06,60.0,60.0,56.1,0.0
Tana River,2017-07,65.0,60.0,60.0,0.08333333333333326
Tana River,2017-08,55.9,65.0,60.0,-0.14
Tana River,2017-09,64.0,55.9,65.0,0.14490161001788904
Tana River,2017-10,60.0,64.0,55.9,-0.0625
Tana River,2017-11,50.83,60.0,64.0,-0.15283333333333338
Tana River,2017-12,45.0,50.83,60.0,-0.11469604564233715
Tana River,2018-01,55.0,45.0,50.83,0.22222222222222232
Tana River,2018-02,55.0,55.0,45.0,0.0
Tana River,2018-03,58.0,55.0,55.0,0.05454545454545445
Tana River,2018-04,50.0,58.0,55.0,-0.13793103448275867
Tana River,2018-05,50.0,50.0,58.0,0.0
Tana River,2018-06,57.0,50.0,50.0,0.1399999999999999
Tana River,2018-07,57.0,57.0,50.0,0.0
Tana River,2018-08,48.0,57.0,57.0,-0.1578947368421053
Tana River,2018-09,42.0,48.0,57.0,-0.125
Tana River,2018-10,55.3,42.0,48.0,0.31666666666666665
Tana River,2018-11,55.3,55.3,42.0,0.0
Tana River,2018-12,42.0,55.3,55.3,-0.240506329113924
Tana River,2019-01,63.0,42.0,55.3,0.5
Tana River,2019-02,63.0,63.0,42.0,0.0
Tana River,2019-03,54.0,63.0,63.0,-0.1428571428571429
Tana River,2019-04,51.0,54.0,63.0,-0.05555555555555558
Tana River,2019-05,50.0,51.0,54.0,-0.019607843137254943
Tana River,2019-06,58.0,50.0,51.0,0.15999999999999992
Tana River,2019-07,59.3,58.0,50.0,0.022413793103448265
Tana River,2019-08,56.8,59.3,58.0,-0.042158516020236125
Tana River,2019-09,52.2,56.8,59.3,-0.08098591549295764
Tana River,2019-10,52.2,52.2,56.8,0.0
Tana River,2019-11,58.0,52.2,52.2,0.11111111111111116
Tana River,2019-12,58.0,58.0,52.2,0.0
Tana River,2020-01,58.0,58.0,58.0,0.0
Tana River,2020-02,58.0,58.0,58.0,0.0
Tana River,2020-03,58.0,58.0,58.0,0.0
Tana River,2020-04,68.0,58.0,58.0,0.17241379310344818
Tana River,2020-05,66.0,68.0,58.0,-0.02941176470588236
Tana River,2020-06,57.0,66.0,68.0,-0.13636363636363635
Tana River,2020-07,57.0,57.0,66.0,0.0
Tana River,2020-08,57.0,57.0,57.0,0.0
Tana River,2020-09,57.0,57.0,57.0,0.0
Tana River,2020-10,53.0,57.0,57.0,-0.07017543859649122
Tana River,2020-11,45.9,53.0,57.0,-0.13396226415094348
Tana River,2020-12,45.0,45.9,53.0,-0.019607843137254832
Tana River,2021-01,45.0,45.0,45.9,0.0
Tana River,2021-02,45.0,45.0,45.0,0.0
Tana River,2021-03,45.0,45.0,45.0,0.0
Tana River,2021-04,45.0,45.0,45.0,0.0
Tana River,2021-05,45.0,45.0,45.0,0.0
Tana River,2021-06,45.0,45.0,45.0,0.0
Tana River,2021-07,45.0,45.0,45.0,0.0
Tana River,2021-08,45.0,45.0,45.0,0.0
Tana River,2021-09,45.0,45.0,45.0,0.0
Tana River,2021-10,45.0,45.0,45.0,0.0
Tana River,2021-11,45.0,45.0,45.0,0.0
Tana River,2021-12,45.0,45.0,45.0,0.0
Tana River,2022-01,45.0,45.0,45.0,0.0
Tana River,2022-02,45.0,45.0,45.0,0.0
Tana River,2022-03,45.0,45.0,45.0,0.0
Tana River,2022-04,45.0,45.0,45.0,0.0
Tana River,2022-05,45.0,45.0,45.0,0.0
Tana River,2022-06,45.0,45.0,45.0,0.0
Tana River,2022-07,45.0,45.0,45.0,0.0
Tana River,2022-08,45.0,45.0,45.0,0.0
Tana River,2022-09,45.0,45.0,45.0,0.0
Tana River,2022-10,45.0,45.0,45.0,0.0
Tana River,2022-11,45.0,45.0,45.0,0.0
Tana River,2022-12,45.0,45.0,45.0,0.0
Tana River,2023-01,45.0,45.0,45.0,0.0
Tana River,2023-02,45.0,45.0,45.0,0.0
Tana River,2023-03,45.0,45.0,45.0,0.0
Tana River,2023-04,45.0,45.0,45.0,0.0
Tana River,2023-05,45.0,45.0,45.0,0.0
Tana River,2023-06,45.0,45.0,45.0,0.0
Tana River,2023-07,45.0,45.0,45.0,0.0
Tana River,2023-08,45.0,45.0,45.0,0.0
Tana River,2023-09,45.0,45.0,45.0,0.0
Tana River,2023-10,45.0,45.0,45.0,0.0
Tana River,2023-11,45.0,45.0,45.0,0.0
Tana River,2023-12,45.0,45.0,45.0,0.0
Tana River,2024-01,45.0,45.0,45.0,0.0
Tana River,2024-02,45.0,45.0,45.0,0.0
Tana River,2024-03,45.0,45.0,45.0,0.0
Tana River,2024-04,45.0,45.0,45.0,0.0
Tana River,2024-05,45.0,45.0,45.0,0.0
Tana River,2024-06,45.0,45.0,45.0,0.0
Tana River,2024-07,45.0,45.0,45.0,0.0
Tana River,2024-08,45.0,45.0,45.0,0.0
Tana River,2024-09,45.0,45.0,45.0,0.0
Tana River,2024-10,45.0,45.0,45.0,0.0
Tana River,2024-11,45.0,45.0,45.0,0.0
Tana River,2024-12,45.0,45.0,45.0,0.0
Tana River,2025-01,45.0,45.0,45.0,0.0
Tana River,2025-02,45.0,45.0,45.0,0.0
Tana River,2025-03,45.0,45.0,45.0,0.0
Tana River,2025-04,45.0,45.0,45.0,0.0
Tana River,2025-05,45.0,45.0,45.0,0.0
Tana River,2025-06,45.0,45.0,45.0,0.0
Tana River,2025-07,45.0,45.0,45.0,0.0
Tana River,2025-08,45.0,45.0,45.0,0.0
Tana River,2025-09,45.0,45.0,45.0,0.0
Tana River,2025-10,45.0,45.0,45.0,0.0
Tana River,2025-11,45.0,45.0,45.0,0.0
Turkana,2015-01,74.0,0.0,0.0,0.0
Turkana,2015-02,74.0,74.0,0.0,0.0
Turkana,2015-03,70.0,74.0,74.0,-0.05405405405405406
Turkana,2015-04,70.0,70.0,74.0,0.0
Turkana,2015-05,70.0,70.0,70.0,0.0
Turkana,2015-06,73.0,70.0,70.0,0.04285714285714293
Turkana,2015-07,75.0,73.0,70.0,0.027397260273972712
Turkana,2015-08,82.0,75.0,73.0,0.09333333333333327
Turkana,2015-09,76.0,82.0,75.0,-0.07317073170731703
Turkana,2015-10,79.0,76.0,82.0,0.03947368421052633
Turkana,2015-11,79.0,79.0,76.0,0.0
Turkana,2015-12,81.0,79.0,79.0,0.025316455696202445
Turkana,2016-01,81.0,81.0,79.0,0.0
Turkana,2016-02,81.0,81.0,81.0,0.0
Turkana,2016-03,76.0,81.0,81.0,-0.06172839506172845
Turkana,2016-04,76.0,76.0,81.0,0.0
Turkana,2016-05,84.0,76.0,76.0,0.10526315789473695
Turkana,2016-06,75.0,84.0,76.0,-0.1071428571428571
Turkana,2016-07,75.0,75.0,84.0,0.0
Turkana,2016-08,69.0,75.0,75.0,-0.07999999999999996
Turkana,2016-09,71.0,69.0,75.0,0.02898550724637672
Turkana,2016-10,73.0,71.0,69.0,0.028169014084507005
Turkana,2016-11,73.0,73.0,71.0,0.0
Turkana,2016-12,77.0,73.0,73.0,0.0547945205479452
Turkana,2017-01,77.0,77.0,73.0,0.0
Turkana,2017-02,77.0,77.0,77.0,0.0
Turkana,2017-03,90.7,77.0,77.0,0.17792207792207804
Turkana,2017-04,92.6,90.7,77.0,0.02094818081587646
Turkana,2017-05,92.6,92.6,90.7,0.0
Turkana,2017-06,100.0,92.6,92.6,0.07991360691144722
Turkana,2017-07,91.0,100.0,92.6,-0.08999999999999997
Turkana,2017-08,91.0,91.0,100.0,0.0
Turkana,2017-09,91.0,91.0,91.0,0.0
Turkana,2017-10,81.0,91.0,91.0,-0.10989010989010994
Turkana,2017-11,80.0,81.0,91.0,-0.012345679012345734
Turkana,2017-12,81.0,80.0,81.0,0.012499999999999956
Turkana,2018-01,82.0,81.0,80.0,0.012345679012345734
Turkana,2018-02,82.0,82.0,81.0,0.0
Turkana,2018-03,86.3,82.0,82.0,0.05243902439024395
Turkana,2018-04,85.0,86.3,82.0,-0.015063731170335992
Turkana,2018-05,84.0,85.0,86.3,-0.0117647058823529
Turkana,2018-06,83.0,84.0,85.0,-0.011904761904761862
Turkana,2018-07,83.0,83.0,84.0,0.0
Turkana,2018-08,59.0,83.0,83.0,-0.28915662650602414
Turkana,2018-09,63.0,59.0,83.0,0.06779661016949157
Turkana,2018-10,63.0,63.0,59.0,0.0
Turkana,2018-11,62.0,63.0,63.0,-0.015873015873015928
Turkana,2018-12,62.0,62.0,63.0,0.0
Turkana,2019-01,62.0,62.0,62.0,0.0
Turkana,2019-02,64.8,62.0,62.0,0.04516129032258065
Turkana,2019-03,61.0,64.8,62.0,-0.0586419753086419
Turkana,2019-04,61.0,61.0,64.8,0.0
Turkana,2019-05,66.0,61.0,61.0,0.08196721311475419
Turkana,2019-06,63.0,66.0,61.0,-0.045454545454545414
Turkana,2019-07,63.0,63.0,66.0,0.0
Turkana,2019-08,67.1,63.0,63.0,0.06507936507936507
Turkana,2019-09,67.1,67.1,63.0,0.0
Turkana,2019-10,67.0,67.1,67.1,-0.0014903129657226621
Turkana,2019-11,64.0,67.0,67.1,-0.04477611940298509
Turkana,2019-12,65.0,64.0,67.0,0.015625
Turkana,2020-01,65.0,65.0,64.0,0.0
Turkana,2020-02,64.0,65.0,65.0,-0.01538461538461533
Turkana,2020-03,64.0,64.0,65.0,0.0
Turkana,2020-04,60.0,64.0,64.0,-0.0625
Turkana,2020-05,70.0,60.0,64.0,0.16666666666666674
Turkana,2020-06,69.0,70.0,60.0,-0.014285714285714235
Turkana,2020-07,71.0,69.0,70.0,0.02898550724637672
Turkana,2020-08,71.0,71.0,69.0,0.0
Turkana,2020-09,70.0,71.0,71.0,-0.014084507042253502
Turkana,2020-10,68.0,70.0,71.0,-0.02857142857142858
Turkana,2020-11,65.0,68.0,70.0,-0.044117647058823484
Turkana,2020-12,65.0,65.0,68.0,0.0
Turkana,2021-01,45.0,65.0,65.0,-0.3076923076923077
Turkana,2021-02,44.06166666666667,45.0,65.0,-0.020851851851851788
Turkana,2021-03,43.25666666666667,44.06166666666667,45.0,-0.018269849075159827
Turkana,2021-04,42.62714285714286,43.25666666666667,44.06166666666667,-0.014553220533030986
Turkana,2021-05,40.48428571428571,42.62714285714286,43.25666666666667,-0.05026978115888614
Turkana,2021-06,42.85999999999999,40.48428571428571,42.62714285714286,0.05868238117082458
Turkana,2021-07,48.97714285714285,42.85999999999999,40.48428571428571,0.14272381841210602
Turkana,2021-08,45.54857142857143,48.97714285714285,42.85999999999999,-0.07000350017500867
Turkana,2021-09,41.957499999999996,45.54857142857143,48.97714285714285,-0.078840484255426
Turkana,2021-10,41.45333333333333,41.957499999999996,45.54857142857143,-0.012016127430534818
Turkana,2021-11,44.723333333333336,41.45333333333333,41.957499999999996,0.07888388549372793
Turkana,2021-12,43.333333333333336,44.723333333333336,41.45333333333333,-0.031079973168368524
Turkana,2022-01,50.31666666666666,43.333333333333336,44.723333333333336,0.16115384615384598
Turkana,2022-02,48.894999999999996,50.31666666666666,43.333333333333336,-0.028254388870486924
Turkana,2022-03,48.894999999999996,48.894999999999996,50.31666666666666,0.0
Turkana,2022-04,48.894999999999996,48.894999999999996,48.894999999999996,0.0
Turkana,2022-05,48.894999999999996,48.894999999999996,48.894999999999996,0.0
Turkana,2022-06,48.894999999999996,48.894999999999996,48.894999999999996,0.0
Turkana,2022-07,48.894999999999996,48.894999999999996,48.894999999999996,0.0
Turkana,2022-08,48.894999999999996,48.894999999999996,48.894999999999996,0.0
Turkana,2022-09,48.894999999999996,48.894999999999996,48.894999999999996,0.0
Turkana,2022-10,48.894999999999996,48.894999999999996,48.894999999999996,0.0
Turkana,2022-11,48.894999999999996,48.894999999999996,48.894999999999996,0.0
Turkana,2022-12,48.894999999999996,48.894999999999996,48.894999999999996,0.0
Turkana,2023-01,65.41666666666667,48.894999999999996,48.894999999999996,0.33790094420015704
Turkana,2023-02,69.91333333333334,65.41666666666667,48.894999999999996,0.06873885350318476
Turkana,2023-03,68.0,69.91333333333334,65.41666666666667,-0.027367216553828677
Turkana,2023-04,70.0,68.0,69.91333333333334,0.02941176470588225
Turkana,2023-05,88.0,70.0,68.0,0.2571428571428571
Turkana,2023-06,82.5,88.0,70.0,-0.0625
Turkana,2023-07,88.502,82.5,88.0,0.07275151515151501
Turkana,2023-08,80.0,88.502,82.5,-0.09606562563557886
Turkana,2023-09,82.334,80.0,88.502,0.02917499999999995
Turkana,2023-10,76.7,82.334,80.0,-0.0684285957198727
Turkana,2023-11,69.104,76.7,82.334,-0.09903520208604955
Turkana,2023-12,65.66666666666667,69.104,76.7,-0.049741452496719796
Turkana,2024-01,67.5,65.66666666666667,69.104,0.027918781725888353
Turkana,2024-02,73.125,67.5,65.66666666666667,0.08333333333333326
Turkana,2024-03,71.07142857142857,73.125,67.5,-0.028083028083028094
Turkana,2024-04,56.25,71.07142857142857,73.125,-0.20854271356783916
Turkana,2024-05,58.542500000000004,56.25,71.07142857142857,0.040755555555555656
Turkana,2024-06,53.75,58.542500000000004,56.25,-0.0818636033650767
Turkana,2024-07,53.75,53.75,58.542500000000004,0.0
Turkana,2024-08,47.292500000000004,53.75,53.75,-0.12013953488372087
Turkana,2024-09,46.25,47.292500000000004,53.75,-0.022043664428820775
Turkana,2024-10,52.082499999999996,46.25,47.292500000000004,0.12610810810810813
Turkana,2024-11,54.582499999999996,52.082499999999996,46.25,0.04800076801228825
Turkana,2024-12,52.730000000000004,54.582499999999996,52.082499999999996,-0.033939449457243476
Turkana,2025-01,50.832499999999996,52.730000000000004,54.582499999999996,-0.03598520766167279
Turkana,2025-02,52.776666666666664,50.832499999999996,52.730000000000004,0.03824652863161693
Turkana,2025-03,60.0,52.776666666666664,50.832499999999996,0.1368660392850376
Turkana,2025-04,64.17,60.0,52.776666666666664,0.06950000000000012
Turkana,2025-05,65.83333333333333,64.17,60.0,0.025920731390576934
Turkana,2025-06,66.334,65.83333333333333,64.17,0.007605063291139302
Turkana,2025-07,69.48,66.334,65.83333333333333,0.04742665902855259
Turkana,2025-08,75.666,69.48,66.334,0.08903281519861816
Turkana,2025-09,68.33500000000001,75.666,69.48,-0.09688631617899701
Turkana,2025-10,58.125,68.33500000000001,75.666,-0.14941098997585434
Turkana,2025-11,60.22833333333333,58.125,68.33500000000001,0.036186379928315304
Uasin Gishu,2015-01,22.91111111111111,0.0,0.0,0.0
Uasin Gishu,2015-02,23.65222222222222,22.91111111111111,0.0,0.032347235693501286
Uasin Gishu,2015-03,24.82,23.65222222222222,22.91111111111111,0.049372856673086885
Uasin Gishu,2015-04,26.018333333333334,24.82,23.65222222222222,0.04828095621810369
Uasin Gishu,2015-05,28.302777777777777,26.018333333333334,24.82,0.08780133666431778
Uasin Gishu,2015-06,30.751666666666665,28.302777777777777,26.018333333333334,0.08652468348218667
Uasin Gishu,2015-07,31.19961111111111,30.751666666666665,28.302777777777777,0.014566509493613822
Uasin Gishu,2015-08,33.26777777777778,31.19961111111111,30.751666666666665,0.06628821940444429
Uasin Gishu,2015-09,28.520555555555553,33.26777777777778,31.19961111111111,-0.14269730469924202
Uasin Gishu,2015-10,24.77,28.520555555555553,33.26777777777778,-0.13150359389913702
Uasin Gishu,2015-11,23.61,24.77,28.520555555555553,-0.04683084376261604
Uasin Gishu,2015-12,22.87611111111111,23.61,24.77,-0.03108381570897456
Uasin Gishu,2016-01,25.54277777777778,22.87611111111111,23.61,0.1165699298151881
Uasin Gishu,2016-02,26.87388888888889,25.54277777777778,22.87611111111111,0.05211301302825322
Uasin Gishu,2016-03,26.47611111111111,26.87388888888889,25.54277777777778,-0.014801645546069109
Uasin Gishu,2016-04,27.808888888888887,26.47611111111111,26.87388888888889,0.05033887991270958
Uasin Gishu,2016-05,28.409444444444446,27.808888888888887,26.47611111111111,0.021595812689787497
Uasin Gishu,2016-06,29.049444444444447,28.409444444444446,27.808888888888887,0.02252771965504441
Uasin Gishu,2016-07,31.92,29.049444444444447,28.409444444444446,0.09881619461072111
Uasin Gishu,2016-08,28.077777777777776,31.92,29.049444444444447,-0.12037037037037046
Uasin Gishu,2016-09,28.114444444444445,28.077777777777776,31.92,0.0013058963197467577
Uasin Gishu,2016-10,27.99,28.114444444444445,28.077777777777776,-0.004426352606410333
Uasin Gishu,2016-11,28.426111111111112,27.99,28.114444444444445,0.01558096145448773
Uasin Gishu,2016-12,29.54,28.426111111111112,27.99,0.039185412472882764
Uasin Gishu,2017-01,31.329444444444444,29.54,28.426111111111112,0.060576995411118606
Uasin Gishu,2017-02,36.775,31.329444444444444,29.54,0.1738158991364176
Uasin Gishu,2017-03,37.39388888888889,36.775,31.329444444444444,0.016829065639398788
Uasin Gishu,2017-04,46.41,37.39388888888889,36.775,0.24111188696905317
Uasin Gishu,2017-05,46.76222222222222,46.41,37.39388888888889,0.007589360530537048
Uasin Gishu,2017-06,48.195,46.76222222222222,46.41,0.030639642636506315
Uasin Gishu,2017-07,42.79722222222222,48.195,46.76222222222222,-0.11199870894860009
Uasin Gishu,2017-08,43.61055555555556,42.79722222222222,48.195,0.019004348672681415
Uasin Gishu,2017-09,40.14,43.61055555555556,42.79722222222222,-0.07958063160040252
Uasin Gishu,2017-10,31.19,40.14,43.61055555555556,-0.22296960637767815
Uasin Gishu,2017-11,29.99,31.19,40.14,-0.03847386983007384
Uasin Gishu,2017-12,27.26388888888889,29.99,31.19,-0.09090067059390161
Uasin Gishu,2018-01,27.845555555555556,27.26388888888889,29.99,0.02133469179826797
Uasin Gishu,2018-02,27.94238888888889,27.845555555555556,27.26388888888889,0.0034775148637324893
Uasin Gishu,2018-03,27.40277777777778,27.94238888888889,27.845555555555556,-0.019311559697234193
Uasin Gishu,2018-04,27.68888888888889,27.40277777777778,27.94238888888889,0.010440952863659314
Uasin Gishu,2018-05,29.0,27.68888888888889,27.40277777777778,0.047351524879614804
Uasin Gishu,2018-06,22.43777777777778,29.0,27.68888888888889,-0.22628352490421455
Uasin Gishu,2018-07,21.22111111111111,22.43777777777778,29.0,-0.05422402693869477
Uasin Gishu,2018-08,18.16444444444444,21.22111111111111,22.43777777777778,-0.1440389549191058
Uasin Gishu,2018-09,16.64,18.16444444444444,21.22111111111111,-0.08392463909958392
Uasin Gishu,2018-10,16.45388888888889,16.64,18.16444444444444,-0.011184561965811857
Uasin Gishu,2018-11,16.63888888888889,16.45388888888889,16.64,0.01124354256001614
Uasin Gishu,2018-12,17.31833333333333,16.63888888888889,16.45388888888889,0.04083472454090131
Uasin Gishu,2019-01,20.74,17.31833333333333,16.63888888888889,0.19757482436724083
Uasin Gishu,2019-02,19.830555555555556,20.74,17.31833333333333,-0.043849780349298095
Uasin Gishu,2019-03,20.211111111111112,19.830555555555556,20.74,0.0191903627959098
Uasin Gishu,2019-04,25.51,20.211111111111112,19.830555555555556,0.26217702034084667
Uasin Gishu,2019-05,33.23,25.51,20.211111111111112,0.30262642101136783
Uasin Gishu,2019-06,39.29,33.23,25.51,0.18236533253084564
Uasin Gishu,2019-07,34.80277777777778,39.29,33.23,-0.11420774299369363
Uasin Gishu,2019-08,36.03277777777778,34.80277777777778,39.29,0.03534200654481623
Uasin Gishu,2019-09,34.489999999999995,36.03277777777778,34.80277777777778,-0.04281595460922949
Uasin Gishu,2019-10,31.3,34.489999999999995,36.03277777777778,-0.09249057697883434
Uasin Gishu,2019-11,34.98111111111111,31.3,34.489999999999995,0.11760738374156898
Uasin Gishu,2019-12,27.32888888888889,34.98111111111111,31.3,-0.21875297779754155
Uasin Gishu,2020-01,34.48222222222222,27.32888888888889,34.98111111111111,0.26174987802894756
Uasin Gishu,2020-02,34.55388888888889,34.48222222222222,27.32888888888889,0.0020783656634659753
Uasin Gishu,2020-03,31.42,34.55388888888889,34.48222222222222,-0.09069569271829836
Uasin Gishu,2020-04,31.42,31.42,34.55388888888889,0.0
Uasin Gishu,2020-05,31.42,31.42,31.42,0.0
Uasin Gishu,2020-06,34.89,31.42,31.42,0.11043921069382545
Uasin Gishu,2020-07,31.9,34.89,31.42,-0.08569790770994556
Uasin Gishu,2020-08,31.25,31.9,34.89,-0.02037617554858928
Uasin Gishu,2020-09,28.88,31.25,31.9,-0.07584000000000002
Uasin Gishu,2020-10,23.98,28.88,31.25,-0.16966759002770082
Uasin Gishu,2020-11,24.14,23.98,28.88,0.006672226855713115
Uasin Gishu,2020-12,25.14,24.14,23.98,0.04142502071251042
Uasin Gishu,2021-01,24.54,25.14,24.14,-0.023866348448687402
Uasin Gishu,2021-02,25.01,24.54,25.14,0.019152404237978926
Uasin Gishu,2021-03,25.18,25.01,24.54,0.006797281087564944
Uasin Gishu,2021-04,27.41,25.18,25.01,0.0885623510722795
Uasin Gishu,2021-05,26.96,27.41,25.18,-0.016417365924844884
Uasin Gishu,2021-06,27.12,26.96,27.41,0.005934718100890191
Uasin Gishu,2021-07,29.0,27.12,26.96,0.06932153392330376
Uasin Gishu,2021-08,29.0,29.0,27.12,0.0
Uasin Gishu,2021-09,28.9,29.0,29.0,-0.0034482758620689724
Uasin Gishu,2021-10,28.68,28.9,29.0,-0.00761245674740485
Uasin Gishu,2021-11,24.9,28.68,28.9,-0.13179916317991636
Uasin Gishu,2021-12,24.9,24.9,28.68,0.0
Uasin Gishu,2022-01,32.7,24.9,24.9,0.3132530120481929
Uasin Gishu,2022-02,36.03,32.7,24.9,0.10183486238532113
Uasin Gishu,2022-03,33.43,36.03,32.7,-0.0721620871495976
Uasin Gishu,2022-04,37.88,33.43,36.03,0.13311396948848353
Uasin Gishu,2022-05,37.88,37.88,33.43,0.0
Uasin Gishu,2022-06,37.88,37.88,37.88,0.0
Uasin Gishu,2022-07,37.88,37.88,37.88,0.0
Uasin Gishu,2022-08,37.88,37.88,37.88,0.0
Uasin Gishu,2022-09,37.88,37.88,37.88,0.0
Uasin Gishu,2022-10,37.88,37.88,37.88,0.0
Uasin Gishu,2022-11,37.88,37.88,37.88,0.0
Uasin Gishu,2022-12,37.88,37.88,37.88,0.0
Uasin Gishu,2023-01,37.88,37.88,37.88,0.0
Uasin Gishu,2023-02,37.88,37.88,37.88,0.0
Uasin Gishu,2023-03,37.88,37.88,37.88,0.0
Uasin Gishu,2023-04,37.88,37.88,37.88,0.0
Uasin Gishu,2023-05,37.88,37.88,37.88,0.0
Uasin Gishu,2023-06,37.88,37.88,37.88,0.0
Uasin Gishu,2023-07,37.88,37.88,37.88,0.0
Uasin Gishu,2023-08,37.88,37.88,37.88,0.0
Uasin Gishu,2023-09,37.88,37.88,37.88,0.0
Uasin Gishu,2023-10,37.88,37.88,37.88,0.0
Uasin Gishu,2023-11,37.88,37.88,37.88,0.0
Uasin Gishu,2023-12,37.88,37.88,37.88,0.0
Uasin Gishu,2024-01,37.88,37.88,37.88,0.0
Uasin Gishu,2024-02,37.88,37.88,37.88,0.0
Uasin Gishu,2024-03,37.88,37.88,37.88,0.0
Uasin Gishu,2024-04,37.88,37.88,37.88,0.0
Uasin Gishu,2024-05,37.88,37.88,37.88,0.0
Uasin Gishu,2024-06,37.88,37.88,37.88,0.0
Uasin Gishu,2024-07,37.88,37.88,37.88,0.0
Uasin Gishu,2024-08,37.88,37.88,37.88,0.0
Uasin Gishu,2024-09,37.88,37.88,37.88,0.0
Uasin Gishu,2024-10,37.88,37.88,37.88,0.0
Uasin Gishu,2024-11,37.88,37.88,37.88,0.0
Uasin Gishu,2024-12,37.88,37.88,37.88,0.0
Uasin Gishu,2025-01,37.88,37.88,37.88,0.0
Uasin Gishu,2025-02,37.88,37.88,37.88,0.0
Uasin Gishu,2025-03,37.88,37.88,37.88,0.0
Uasin Gishu,2025-04,37.88,37.88,37.88,0.0
Uasin Gishu,2025-05,37.88,37.88,37.88,0.0
Uasin Gishu,2025-06,37.88,37.88,37.88,0.0
Uasin Gishu,2025-07,37.88,37.88,37.88,0.0
Uasin Gishu,2025-08,37.88,37.88,37.88,0.0
Uasin Gishu,2025-09,37.88,37.88,37.88,0.0
Uasin Gishu,2025-10,37.88,37.88,37.88,0.0
Uasin Gishu,2025-11,37.88,37.88,37.88,0.0
Wajir,2015-01,50.0,0.0,0.0,0.0
Wajir,2015-02,50.0,50.0,0.0,0.0
Wajir,2015-03,50.0,50.0,50.0,0.0
Wajir,2015-04,50.0,50.0,50.0,0.0
Wajir,2015-05,50.0,50.0,50.0,0.0
Wajir,2015-06,50.0,50.0,50.0,0.0
Wajir,2015-07,50.0,50.0,50.0,0.0
Wajir,2015-08,50.0,50.0,50.0,0.0
Wajir,2015-09,50.0,50.0,50.0,0.0
Wajir,2015-10,50.0,50.0,50.0,0.0
Wajir,2015-11,50.0,50.0,50.0,0.0
Wajir,2015-12,50.0,50.0,50.0,0.0
Wajir,2016-01,50.0,50.0,50.0,0.0
Wajir,2016-02,50.0,50.0,50.0,0.0
Wajir,2016-03,50.0,50.0,50.0,0.0
Wajir,2016-04,50.0,50.0,50.0,0.0
Wajir,2016-05,50.0,50.0,50.0,0.0
Wajir,2016-06,50.0,50.0,50.0,0.0
Wajir,2016-07,50.0,50.0,50.0,0.0
Wajir,2016-08,50.0,50.0,50.0,0.0
Wajir,2016-09,50.0,50.0,50.0,0.0
Wajir,2016-10,50.0,50.0,50.0,0.0
Wajir,2016-11,50.0,50.0,50.0,0.0
Wajir,2016-12,50.0,50.0,50.0,0.0
Wajir,2017-01,50.0,50.0,50.0,0.0
Wajir,2017-02,50.0,50.0,50.0,0.0
Wajir,2017-03,50.0,50.0,50.0,0.0
Wajir,2017-04,50.0,50.0,50.0,0.0
Wajir,2017-05,50.0,50.0,50.0,0.0
Wajir,2017-06,50.0,50.0,50.0,0.0
Wajir,2017-07,50.0,50.0,50.0,0.0
Wajir,2017-08,50.0,50.0,50.0,0.0
Wajir,2017-09,50.0,50.0,50.0,0.0
Wajir,2017-10,50.0,50.0,50.0,0.0
Wajir,2017-11,50.0,50.0,50.0,0.0
Wajir,2017-12,50.0,50.0,50.0,0.0
Wajir,2018-01,50.0,50.0,50.0,0.0
Wajir,2018-02,50.0,50.0,50.0,0.0
Wajir,2018-03,50.0,50.0,50.0,0.0
Wajir,2018-04,50.0,50.0,50.0,0.0
Wajir,2018-05,50.0,50.0,50.0,0.0
Wajir,2018-06,50.0,50.0,50.0,0.0
Wajir,2018-07,50.0,50.0,50.0,0.0
Wajir,2018-08,50.0,50.0,50.0,0.0
Wajir,2018-09,50.0,50.0,50.0,0.0
Wajir,2018-10,50.0,50.0,50.0,0.0
Wajir,2018-11,50.0,50.0,50.0,0.0
Wajir,2018-12,50.0,50.0,50.0,0.0
Wajir,2019-01,50.0,50.0,50.0,0.0
Wajir,2019-02,50.0,50.0,50.0,0.0
Wajir,2019-03,50.0,50.0,50.0,0.0
Wajir,2019-04,50.0,50.0,50.0,0.0
Wajir,2019-05,50.0,50.0,50.0,0.0
Wajir,2019-06,50.0,50.0,50.0,0.0
Wajir,2019-07,50.0,50.0,50.0,0.0
Wajir,2019-08,50.0,50.0,50.0,0.0
Wajir,2019-09,50.0,50.0,50.0,0.0
Wajir,2019-10,50.0,50.0,50.0,0.0
Wajir,2019-11,50.0,50.0,50.0,0.0
Wajir,2019-12,50.0,50.0,50.0,0.0
Wajir,2020-01,50.0,50.0,50.0,0.0
Wajir,2020-02,50.0,50.0,50.0,0.0
Wajir,2020-03,50.0,50.0,50.0,0.0
Wajir,2020-04,50.0,50.0,50.0,0.0
Wajir,2020-05,50.0,50.0,50.0,0.0
Wajir,2020-06,50.0,50.0,50.0,0.0
Wajir,2020-07,50.0,50.0,50.0,0.0
Wajir,2020-08,50.0,50.0,50.0,0.0
Wajir,2020-09,50.0,50.0,50.0,0.0
Wajir,2020-10,50.0,50.0,50.0,0.0
Wajir,2020-11,50.0,50.0,50.0,0.0
Wajir,2020-12,50.0,50.0,50.0,0.0
Wajir,2021-01,50.0,50.0,50.0,0.0
Wajir,2021-02,50.0,50.0,50.0,0.0
Wajir,2021-03,50.0,50.0,50.0,0.0
Wajir,2021-04,50.0,50.0,50.0,0.0
Wajir,2021-05,50.0,50.0,50.0,0.0
Wajir,2021-06,50.0,50.0,50.0,0.0
Wajir,2021-07,50.0,50.0,50.0,0.0
Wajir,2021-08,50.0,50.0,50.0,0.0
Wajir,2021-09,50.0,50.0,50.0,0.0
Wajir,2021-10,50.0,50.0,50.0,0.0
Wajir,2021-11,50.0,50.0,50.0,0.0
Wajir,2021-12,50.0,50.0,50.0,0.0
Wajir,2022-01,50.0,50.0,50.0,0.0
Wajir,2022-02,50.0,50.0,50.0,0.0
Wajir,2022-03,50.0,50.0,50.0,0.0
Wajir,2022-04,50.0,50.0,50.0,0.0
Wajir,2022-05,50.0,50.0,50.0,0.0
Wajir,2022-06,50.0,50.0,50.0,0.0
Wajir,2022-07,50.0,50.0,50.0,0.0
Wajir,2022-08,50.0,50.0,50.0,0.0
Wajir,2022-09,50.0,50.0,50.0,0.0
Wajir,2022-10,50.0,50.0,50.0,0.0
Wajir,2022-11,50.0,50.0,50.0,0.0
Wajir,2022-12,50.0,50.0,50.0,0.0
Wajir,2023-01,50.0,50.0,50.0,0.0
Wajir,2023-02,50.0,50.0,50.0,0.0
Wajir,2023-03,50.0,50.0,50.0,0.0
Wajir,2023-04,50.0,50.0,50.0,0.0
Wajir,2023-05,50.0,50.0,50.0,0.0
Wajir,2023-06,50.0,50.0,50.0,0.0
Wajir,2023-07,50.0,50.0,50.0,0.0
Wajir,2023-08,50.0,50.0,50.0,0.0
Wajir,2023-09,50.0,50.0,50.0,0.0
Wajir,2023-10,50.0,50.0,50.0,0.0
Wajir,2023-11,50.0,50.0,50.0,0.0
Wajir,2023-12,50.0,50.0,50.0,0.0
Wajir,2024-01,50.0,50.0,50.0,0.0
Wajir,2024-02,50.0,50.0,50.0,0.0
Wajir,2024-03,50.0,50.0,50.0,0.0
Wajir,2024-04,50.0,50.0,50.0,0.0
Wajir,2024-05,50.0,50.0,50.0,0.0
Wajir,2024-06,50.0,50.0,50.0,0.0
Wajir,2024-07,50.0,50.0,50.0,0.0
Wajir,2024-08,50.0,50.0,50.0,0.0
Wajir,2024-09,50.0,50.0,50.0,0.0
Wajir,2024-10,50.0,50.0,50.0,0.0
Wajir,2024-11,50.0,50.0,50.0,0.0
Wajir,2024-12,50.0,50.0,50.0,0.0
Wajir,2025-01,50.0,50.0,50.0,0.0
Wajir,2025-02,50.0,50.0,50.0,0.0
Wajir,2025-03,50.0,50.0,50.0,0.0
Wajir,2025-04,50.0,50.0,50.0,0.0
Wajir,2025-05,50.0,50.0,50.0,0.0
Wajir,2025-06,50.0,50.0,50.0,0.0
Wajir,2025-07,50.0,50.0,50.0,0.0
Wajir,2025-08,50.0,50.0,50.0,0.0
Wajir,2025-09,50.0,50.0,50.0,0.0
Wajir,2025-10,50.0,50.0,50.0,0.0
Wajir,2025-11,50.0,50.0,50.0,0.0
